id,username,created_at,lng,lat,text
1382374430136020995,GrandmasforPete,Wed Apr 14 16:45:22 +0000 2021,-88.250086,42.4553415,I‚Äôm so livid with the defense I want to go to law school so I can wipe the floor with him.
1382374430878273538,SymphonyPraise,Wed Apr 14 16:45:22 +0000 2021,-117.1970825,33.688047499999996,@titygirl_ Oh wow üëèüèæüëèüèæ
1382374431050379277,cameraman1961,Wed Apr 14 16:45:22 +0000 2021,-81.39519200000001,28.5998155,@PipPipPirrip Ahh.
1382374432484642819,whoisgpatt,Wed Apr 14 16:45:22 +0000 2021,-95.44648649999999,29.838495,"@taenaichole @_benjvmins_ I never responded to any video, I responded to a tweet, thanks for comin though"
1382374433495556100,shafiusamah,Wed Apr 14 16:45:22 +0000 2021,-117.46592749999999,33.7615245,üá∫üá∏
1382374433558433792,joanietran,Wed Apr 14 16:45:22 +0000 2021,-117.104989,32.810012,@Windsorstore I'm still waiting on a response as to why my order was canceled but the items are still in stock..
1382374433411657728,dbishop4152,Wed Apr 14 16:45:22 +0000 2021,-90.163788,35.8873335,@lisabe65 @glennkirschner2 @ps9714 That's what I thought. So this witness appears to be just shit slinging to see w‚Ä¶ https://t.co/JT2UhvRlP1
1382374433961172998,skiyouMeeko,Wed Apr 14 16:45:22 +0000 2021,-93.2373245,44.679378,"@Superskolfan  Brugler has the Vikings taking Paye, Banks, Johnson from Indiana, Barnes, Trask Seth Williams"
1382374434787504129,funtimespark,Wed Apr 14 16:45:23 +0000 2021,-81.1124265,40.9176595,‚ú¥Ô∏èFUN SUMMER JOBS‚ú¥Ô∏è‚Ä¢ Admission Attendants‚Ä¢ Attraction Attendants‚Ä¢ Game Attendants‚Ä¢ Food Service‚Ä¢ Landscapers‚Ä¢‚Ä¶ https://t.co/qLxqTaV1XJ
1382374435965923331,newmexicomartin,Wed Apr 14 16:45:23 +0000 2021,-106.7374385,32.342299499999996,@PynkDymond76 I‚Äôve heard of the wave but haven‚Äôt heard of the duck thingy. Hmmm. Interesting üòú
1382374436108599303,jenniferlcroft,Wed Apr 14 16:45:23 +0000 2021,-118.4119065,34.0207895,"@herbrandall @mad_tacos_ @LAReviewofBooks Thank you, Herb!"
1382374436905566208,turd_fergusonx,Wed Apr 14 16:45:23 +0000 2021,-79.861034,35.1704985,@Shhlomes It had me at hello rly
1382374436360306689,derminic,Wed Apr 14 16:45:23 +0000 2021,-75.4839355,40.591825,https://t.co/hIN3HQ1sPt
1382374437304074242,RicHassani,Wed Apr 14 16:45:23 +0000 2021,-90.011008,29.982601,"To get into my New Orleans and Houston Texas shows, visit my website https://t.co/I0XO49eanM or, call Julian Ramos:‚Ä¶ https://t.co/Pv6l5QLdQR"
1382374437199220742,JilllllianJill,Wed Apr 14 16:45:23 +0000 2021,-74.81689399999999,40.6500405,2021 Nobel Prize in Literature goes to a Teen-Pop Sensation?https://t.co/939moNUFoZ https://t.co/x44pxTuWgc
1382374440412004353,gustafengstrom,Wed Apr 14 16:45:24 +0000 2021,-73.9487755,40.655138,Today thinking about the Swedish comedian that for years attended the Nobel Price in Literature reveal only to shou‚Ä¶ https://t.co/uC9A1YApRc
1382374440399474691,Marquez1515,Wed Apr 14 16:45:24 +0000 2021,-83.804475,27.698681999999998,Dr Franklin  : VUL FOOTBALL. BRING COACH PRIEST AND COACH TAYLOR BACK. - Sign the Petition! https://t.co/xK3GpCbsvn via @Change
1382374441162739719,tmj_tx_usa_jobs,Wed Apr 14 16:45:24 +0000 2021,-101.923,33.536858,"Want to work at Bubbas 33? We're hiring in Lubbock, TX! Click the link in our bio for details on this job and more:‚Ä¶ https://t.co/2GLhavW6wx"
1382374441456324617,Yesrucaa,Wed Apr 14 16:45:24 +0000 2021,-118.4119065,34.0207895,@_NoBitchKire78 I can‚Äôt wait to see you !!!!
1382374441477357576,NewsJunkieBlu,Wed Apr 14 16:45:24 +0000 2021,-80.926628,33.6311395,#ChauvinTrial
1382374442043588615,igorhara,Wed Apr 14 16:45:24 +0000 2021,-79.4463315,43.9965895,@caiocgomes √â meio de ‚Äúmarromenos‚Äù
1382374442580504578,french_monica,Wed Apr 14 16:45:25 +0000 2021,-77.60468399999999,41.1179365,@dp_sully I‚Äôm so sorry for your loss. I feel your pain‚ÄìI lost my fianc√© 7 years ago. He was my everything. I still‚Ä¶ https://t.co/fsVuj7N6xF
1382374443327033344,AndrewWSYX6,Wed Apr 14 16:45:25 +0000 2021,-82.985772,39.9946835,@kittyk216 @CiaraVLucas You‚Äôre the sweetest. I‚Äôm probably going to pass. Don‚Äôt need more watches than one.
1382374442966380546,jmizrack,Wed Apr 14 16:45:25 +0000 2021,-77.139596,38.897714,@HelicoptersofDC üöÅ VH60N S https://t.co/YTNy9x743B
1382374443452755969,WildnFreeAKMama,Wed Apr 14 16:45:25 +0000 2021,-151.1207935,60.4847065,@NikkiSixx 1985
1382374443524136960,corynn_davidson,Wed Apr 14 16:45:25 +0000 2021,-100.0768885,31.1688935,@katiemsotelo 2017^ anything more recent? it‚Äôs 2021
1382374443360608266,BUDMAN_2,Wed Apr 14 16:45:25 +0000 2021,-88.8572425,42.336462,"@GoodSamFamily @CampingWorld Could use a nice generator for heater , not always best at starting campfire. Also goo‚Ä¶ https://t.co/pzjN9i0gm0"
1382374443637481473,malcolmelisha,Wed Apr 14 16:45:25 +0000 2021,-83.1738665,32.6782075,@ProjectLincoln Ted Cruz will remain in office just like Lindsey Graham and Mitch McConnell because the people from‚Ä¶ https://t.co/FbQlrFJPaa
1382374444111429634,Bash_StayTrue,Wed Apr 14 16:45:25 +0000 2021,-80.1226195,26.721896,So this what it feel like waiting for Amazon
1382374444895719435,eric_bates,Wed Apr 14 16:45:25 +0000 2021,-83.1738665,32.6782075,Your windshield is bigger than your rear view mirror so you can focus on what‚Äôs ahead of you.
1382374444987990020,JustPeedi,Wed Apr 14 16:45:25 +0000 2021,-75.117998,40.0048655,@Kensington_Tae How u know they wasn‚Äôt actually saying lair....this hating üò©üòÇüòÇ
1382374445067730945,__dionnaaa,Wed Apr 14 16:45:25 +0000 2021,-75.117998,40.0048655,!
1382374445336055808,emmaceratops,Wed Apr 14 16:45:25 +0000 2021,-89.92202900000001,35.1335205,"When someone says they‚Äôre building a craft beer group for Women of Color, the correct response is not ‚Äúwhat about white girls?‚Äù Colleen!"
1382374445579448321,SayWen,Wed Apr 14 16:45:25 +0000 2021,-84.53981250000001,39.137038000000004,There‚Äôs unprepared. And there‚Äôs woefully unprepared. Cronyn is both.
1382374445642252288,LivingstoneVSB,Wed Apr 14 16:45:25 +0000 2021,-123.123581,49.257639,@CarrieFroese @BCPVPA
1382374446321823751,caroehehehe,Wed Apr 14 16:45:25 +0000 2021,-73.6870995,42.727940000000004,would watch the HELL out of this for real
1382374446527176705,Wally_Mayz,Wed Apr 14 16:45:25 +0000 2021,-122.4359785,37.7706565,@DevAintShit I been lost since evil Dom
1382374445894017024,StribJany,Wed Apr 14 16:45:25 +0000 2021,-93.2620465,44.9706105,"The BCA has arrested now-former Brooklyn Center police officer Kim Potter, who's expected to be charged later today‚Ä¶ https://t.co/SJeYC5Jrkz"
1382374446841925633,FKGaillard,Wed Apr 14 16:45:26 +0000 2021,-80.9688075,34.040213,@ColumbiaPDSC @Angry_Staffer @Boomhauer17 @KJFocused @chuckmoran @RCSD Your department still has an extremely slow‚Ä¶ https://t.co/rrkPaSYzci
1382374447055781896,wizardofalbies,Wed Apr 14 16:45:26 +0000 2021,-83.9638415,35.9824705,@BigOMitchell Giving your mail lady small gifts every now and then is KEY
1382374447382892546,JesusRequenes,Wed Apr 14 16:45:26 +0000 2021,-100.29359149999999,25.6417185,Los de la prepa
1382374448339255301,LisaRam24004779,Wed Apr 14 16:45:26 +0000 2021,-84.433106,33.7671945,@weezmgk @SusanStJames3_ Senator Byrd Democrat KKK member and recruiter.
1382374449031344129,PZabroski,Wed Apr 14 16:45:26 +0000 2021,-80.649699,28.117874,"They WANTED more deaths.... THAT sells, not the 99%+ that survive...."
1382374449664626688,ambi_beso,Wed Apr 14 16:45:26 +0000 2021,-74.7135835,40.278782,@PapeYung Awww I hope you feel better
1382374449933000704,d_walters237,Wed Apr 14 16:45:26 +0000 2021,-97.552161,35.4828435,"@richardmarx We concentrate too much on the personal. Accusing the police man or woman was maybe racist, or defendi‚Ä¶ https://t.co/WEFTCLoMyD"
1382374451065544708,MrCalv,Wed Apr 14 16:45:27 +0000 2021,-75.117998,40.0048655,No I‚Äôd put him out.
1382374451371728902,patdareal1,Wed Apr 14 16:45:27 +0000 2021,-83.1738665,32.6782075,CANT A MF ALIVE TELL ME GOD AINT REAL!!!! MY NIECE BEEN DEAF SINCE BIRTH &amp; NOW SHE HEAR ME!!!!üò≠‚ù§Ô∏è‚ù§Ô∏è‚ù§Ô∏è‚ù§Ô∏è‚ù§Ô∏è‚ù§Ô∏è‚ù§Ô∏è‚ù§Ô∏è
1382374451724099590,artbybabz,Wed Apr 14 16:45:27 +0000 2021,-75.77004099999999,42.746617,"@seanhannity Is that a call for personal help your stating. Please step down from you job, your not working for all the people."
1382374451996610566,CACHEMMM,Wed Apr 14 16:45:27 +0000 2021,-90.011008,29.982601,Dealing with someone as sweet as me makes my nerves bad üòÇüòÇ like cause why you so sweet ?
1382374452181225474,Rock2Ne,Wed Apr 14 16:45:27 +0000 2021,-73.8494415,40.8503475,@TheRealDisco Is it true you trained Karrion Kross? I read that somewhere.
1382374453242318849,JohnNetworQ,Wed Apr 14 16:45:27 +0000 2021,-122.08577550000001,37.641270500000005,I finished recording it yesterday. Actually gave u a shoutout in the outro üòÖ
1382374454236487681,vodkasnowflake,Wed Apr 14 16:45:27 +0000 2021,-73.9685415,40.780709,oh hell yeah https://t.co/g8qe7dH9Ut
1382374455557591040,majordemo,Wed Apr 14 16:45:28 +0000 2021,-110.892878,32.3029315,"@ryanstruyk @joncoopertweets American treachery, people have started getting their money, now his approval ratings are going down?"
1382374457004609536,Jenellmiguuuel_,Wed Apr 14 16:45:28 +0000 2021,-122.551856,47.111487,@cosicogianni ‚ù§Ô∏è
1382374457512235013,perdueracing153,Wed Apr 14 16:45:28 +0000 2021,-77.60468399999999,41.1179365,https://t.co/yaH5vtqMcQ
1382374458552369152,claes69,Wed Apr 14 16:45:28 +0000 2021,-87.732013,41.8335845,@WayneSisk1 That makes it Chicken Peas Pie
1382374458980065287,donx13,Wed Apr 14 16:45:28 +0000 2021,-117.397616,33.935822,@SheaSerrano üòÇ this must be stopped
1382374459579899906,timgrein2,Wed Apr 14 16:45:29 +0000 2021,-111.928142,33.392883999999995,#ExposeCNN
1382374459760386052,LifeAsKay,Wed Apr 14 16:45:29 +0000 2021,-73.9685415,40.780709,"Me personally, I think the vaccine is pointless but if you choose to get it cool that‚Äôs you. Everyone has their own‚Ä¶ https://t.co/Ao1SaeVDVw"
1382374459932168192,RebeccaExisting,Wed Apr 14 16:45:29 +0000 2021,-111.931711,34.1682535,@JerryCurtis7 Are we going to be able to get in under control like the flu
1382374459319885827,Ondarise504,Wed Apr 14 16:45:29 +0000 2021,-98.5406515,29.417501,@BCSportsDad https://t.co/qups6sUhWl
1382374460989181953,Michael86482710,Wed Apr 14 16:45:29 +0000 2021,-89.338039,31.310637,‚ÄúDO NOT CARE.‚Äù
1382374461710696448,CFullman30,Wed Apr 14 16:45:29 +0000 2021,-85.182475,32.8044785,@JohnDavid2547 @FrancescaRoseA Where are you getting your masters at JD?
1382374461853339650,13Anseume,Wed Apr 14 16:45:29 +0000 2021,-78.657837,35.8439815,@miyaros2 @sole31459598 @mari_dixy @Soledad99621978 @Nadiasabir12 @orseekon @AnaMart37553988 @binayoker‚Ä¶ https://t.co/hZhQStwwcx
1382374462771777539,Shawdaaaa,Wed Apr 14 16:45:29 +0000 2021,-95.44648649999999,29.838495,@t_gthe I know right
1382374462905982979,Jgaxiola9,Wed Apr 14 16:45:29 +0000 2021,-117.319094,34.418775499999995,Woke up this morning looking for Gianna I miss her all the time ü•∫‚ù§Ô∏è
1382374464533323777,metromagazzin,Wed Apr 14 16:45:30 +0000 2021,-80.44407,25.69466,@venenosandoval  Lo mejor del espect√°culo . en MIAMI florida / EE.UU https://t.co/aHoCR84zsg
1382374464571252744,FreeAyannaa,Wed Apr 14 16:45:30 +0000 2021,-84.266174,30.476215500000002,@alexnder_jd @Bluntz_OfRuntz I‚Äôm not ole girl ‚òπÔ∏è
1382374464755732483,Gavin414,Wed Apr 14 16:45:30 +0000 2021,-73.2362125,41.34069,@premierleague April 14
1382374464923443203,kiounistoocold,Wed Apr 14 16:45:30 +0000 2021,-97.8638455,30.289219,If I could go back I would‚Äôve went trade first
1382374465309437956,VSquirrel2,Wed Apr 14 16:45:30 +0000 2021,-84.433106,33.7671945,Kroger . Has The  bestPecan   pies Though
1382374466093735936,678capostatus,Wed Apr 14 16:45:30 +0000 2021,-84.5321325,33.9481235,@ItGirlMykie how she got all that damn energy???
1382374466462887938,rodnayraps,Wed Apr 14 16:45:30 +0000 2021,-84.266174,30.476215500000002,@kiandre_23 i am cackling üòÇ
1382374466806763521,Dokushi_45,Wed Apr 14 16:45:30 +0000 2021,-76.7415,39.261002,"@AngelCoreVA What am I looking at, please explain"
1382374466806681602,kiaaraj_,Wed Apr 14 16:45:30 +0000 2021,-95.44648649999999,29.838495,I want üòçüòçüòçüòç
1382374467008045064,creatvemike,Wed Apr 14 16:45:30 +0000 2021,-122.2816065,37.9941325,Literally money in minutes this shit too easy üòÇ LFG!
1382374466693390340,EdwardDomain,Wed Apr 14 16:45:30 +0000 2021,-106.632718,35.1170025,"Real use cases in #crypto. #solana has staying power, and it feels like there‚Äôs a news release every day of real ap‚Ä¶ https://t.co/eri0o3Hnqu"
1382374467150737412,_GatorGal,Wed Apr 14 16:45:30 +0000 2021,-81.73340300000001,30.1722095,"@McLeodLive Oh yes, remember them both , especially Clemo...I was on the East side of town &amp; RHS batgirl/scorekeepe‚Ä¶ https://t.co/MvYwmyReUG"
1382374467784077313,Babyy_Zayy97,Wed Apr 14 16:45:31 +0000 2021,-96.7617535,32.819858499999995,A nigga that gets upset at you for NOT wanting to have sex is so fucking unattractive like grow tf up and get tf over it cry baby ass mfüôÑüôÑüôÑ
1382374467913936899,Kp2Kool,Wed Apr 14 16:45:31 +0000 2021,-97.28591349999999,32.7799665,@EdenTheplanet They had/have certain age groups and health conditions that came first as well. None based on race
1382374468123820033,BC_Danna,Wed Apr 14 16:45:31 +0000 2021,-73.86085700000001,40.944567500000005,@MNIMN_ Love You Nigga.
1382374468027363338,anigogiashvili2,Wed Apr 14 16:45:31 +0000 2021,-75.77004099999999,42.746617,Discount Code‚úÖBBGG‚úÖget 20%off. Use https://t.co/0Qhu1bIVHX when ordering from PRIV√â REVAUX  #sundayvibes #eyewear‚Ä¶ https://t.co/K0LyKoePt7
1382374468656451589,RestonLinks,Wed Apr 14 16:45:31 +0000 2021,-77.47958249999999,39.0869425,@JummyNBC Hi!
1382374469155557376,lizbmarquis,Wed Apr 14 16:45:31 +0000 2021,-83.7299715,42.270839499999994,I don't know how I got convinced that I was too cool for fidget toys but I don't think I'd have gotten anything don‚Ä¶ https://t.co/uU1xSDwxro
1382374469637914626,Michael_Cerami,Wed Apr 14 16:45:31 +0000 2021,-87.732013,41.8335845,@adam_karnik If you want to miss the best Cubs win of the year yeah
1382374469600153605,JessBlaylock,Wed Apr 14 16:45:31 +0000 2021,-80.1491725,26.150368,I‚Äôve known @LauraRutledge since we worked the sidelines together for the FHSAA high school football state finals ye‚Ä¶ https://t.co/AOXukp7oVJ
1382374469822341121,tmj_IDS_HRTA,Wed Apr 14 16:45:31 +0000 2021,-116.7925723,47.7078046,"Have you ever had a role like ""Service Assistant""? What did you like most about that job? #Hospitality #CoeurdAlene, ID"
1382374470355128327,fwritefull,Wed Apr 14 16:45:31 +0000 2021,-93.80943400000001,32.461107,@justmeagain34 @monnj6 @realShaneSelf 412
1382374469969252355,fer_schez,Wed Apr 14 16:45:31 +0000 2021,-73.93886942,40.86417286,@licmota10 https://t.co/HTDM28sbGZ
1382374470917050369,javierg702,Wed Apr 14 16:45:31 +0000 2021,-115.135165,36.0609645,@cnnbrk Fry that pig
1382374470996856834,BrendaDent2,Wed Apr 14 16:45:31 +0000 2021,-81.52652950000001,41.5239125,@FoxNews We‚Äôll bring them down or bankrupt every city that allow it!
1382374471105970182,_TooMfShort,Wed Apr 14 16:45:31 +0000 2021,-86.9256115,35.7297115,üòå
1382374471135240192,tmj_KS_finance,Wed Apr 14 16:45:31 +0000 2021,-94.7898731,38.8271089,"This job is now open at Thermo Fisher Scientific in #Lenexa, KS. Follow us and turn on mobile alerts to hear about‚Ä¶ https://t.co/2Fopw7c0Ju"
1382374471420542978,EvanKHughes,Wed Apr 14 16:45:31 +0000 2021,-80.428864,37.229291,Best sporting moment of my 21 years.Will never forget this day.
1382374472351690759,TatyRAW,Wed Apr 14 16:45:32 +0000 2021,-83.1738665,32.6782075,@j_finesser You is a cheater !!!!!
1382374472393633798,ja_ndre,Wed Apr 14 16:45:32 +0000 2021,-96.672767,33.112316500000006,"@koi_solutions give me a chance to run this, i have 200 profiles ready"
1382374472783519747,angela_iyamom,Wed Apr 14 16:45:32 +0000 2021,-111.8704805,40.872294999999994,@spida4ever Wow üò≥
1382374472494297093,ChristianM_28,Wed Apr 14 16:45:32 +0000 2021,-85.7223455,38.195555,@Facebook Why have my menu links disappeared?Using my iPhone when I click the button to bring up the menu options‚Ä¶ https://t.co/Doos4gn7Ds
1382374473198886913,_JJevin_,Wed Apr 14 16:45:32 +0000 2021,-82.93919700000001,39.830648,ü§ëü§ëü§ëü§ëü§ëü§ëü§ëü§ë
1382374473387503625,jolo_veri,Wed Apr 14 16:45:32 +0000 2021,-157.799589,21.3199435,@allkpop Should‚Äôve released a trailer for a new CLC comeback but OH WELL
1382374473605734406,afroblonde22,Wed Apr 14 16:45:32 +0000 2021,-80.2333285,25.7823535,"See I disagree because I‚Äôm looking for a husband not for tension, discomfort and misunderstandingsü§£‚úåÔ∏è"
1382374473685426183,caroldanielKMOX,Wed Apr 14 16:45:32 +0000 2021,-90.24782400000001,38.653771,"This is complicated, ridiculous and simple all at the same time! #whatitmeanstobeblack #stereotypes‚Ä¶ https://t.co/KnMSv57Zed"
1382374473551216646,AmicosPizzaTO,Wed Apr 14 16:45:32 +0000 2021,-79.6748465,44.371263,HALF PRICE PIZZA PICK-UP WEDNESDAY #westqueenwest #pizzaparty #veganoptions #shoplocal #supportlocalbusiness‚Ä¶ https://t.co/N3r5e1RbG8
1382374474192928771,MelaninInfused_,Wed Apr 14 16:45:32 +0000 2021,-81.238015,28.565775000000002,or lobster
1382374474859872261,ajperyea,Wed Apr 14 16:45:32 +0000 2021,-75.77004099999999,42.746617,@Madonna I‚Äôm Addicted &amp; Girl Gone Wild
1382374474930999296,ianweakly,Wed Apr 14 16:45:32 +0000 2021,-78.4516572,35.6464778,Just posted a photo @ AllStarz Realty https://t.co/qPqnApcxfT
1382374476818550795,Kitan_kun,Wed Apr 14 16:45:33 +0000 2021,-82.5330735,27.3411215,@greatzappfish ·¥°·¥Ä…™·¥õ “ì·¥è Ä ·¥ç·¥á ·¥õ·¥è ·¥Ñ·¥è·¥ç·¥á  ô·¥Ä·¥Ñ·¥ã “ì·¥è Ä ·¥° ú·¥Ä·¥õ-
1382374476906692615,ggeorge121,Wed Apr 14 16:45:33 +0000 2021,-78.657837,35.8439815,Y'all this bored
1382374477066084356,docksOFFICIAL,Wed Apr 14 16:45:33 +0000 2021,-76.62048200000001,39.284712999999996,"@ActNormalOrElse If I cannot bring an entire pizza to an Orioles game legally, I will simply slide it thru any of a dozen fences"
1382374477665865729,CbarJRanch,Wed Apr 14 16:45:33 +0000 2021,-100.247165,44.2125075,@TJTharder @wtmstlr @TheShow7488 @gricke22 @fast_ag_mt @RoseMarylisa166 @jayculver1 @JuanMella100 @socrossfoodexp‚Ä¶ https://t.co/GUGyiZvLvk
1382374477850308608,theboardstory,Wed Apr 14 16:45:33 +0000 2021,-73.98552775,40.75794459,"Just posted a photo @ Times Square, New York City https://t.co/hB18jjOs6J"
1382374478198505479,yoMallory,Wed Apr 14 16:45:33 +0000 2021,-73.9685415,40.780709,benito in a crop top is exactly what i needed today ü•∞ more men in crop tops please
1382374478152359936,IngGuthrie,Wed Apr 14 16:45:33 +0000 2021,-77.60468399999999,41.1179365,@dustyhalos @WilliamPine2 I hope that's true.  Funny how no investigative reporters are even bothering to look for‚Ä¶ https://t.co/AxVPvapfYg
1382374478223716356,Shimoji___,Wed Apr 14 16:45:33 +0000 2021,-90.011008,29.982601,@msgillian Everyone‚Äôs back
1382374478424997896,ToiWeezy,Wed Apr 14 16:45:33 +0000 2021,-87.732013,41.8335845,All three locations have bomb views (2 rooftops and one on the beach). They just might hire me after this üòÇüòÇ
1382374478743752708,nrsantilli,Wed Apr 14 16:45:33 +0000 2021,-81.84886,41.470205,"@Rickonia Be sure to take you own advice , too. Hope you are ok today.  ‚òÆÔ∏è"
1382374479163133956,MColeman210,Wed Apr 14 16:45:33 +0000 2021,-98.5406515,29.417501,I absolutely love when white people are filmed being racist and never know peace again &gt;&gt;&gt;
1382374479452524547,_taabbyyy,Wed Apr 14 16:45:33 +0000 2021,-100.0768885,31.1688935,watching preachers kid. this my movie
1382374479767158787,Scamron_Giles,Wed Apr 14 16:45:33 +0000 2021,-73.9685415,40.780709,Nah son was finna cock up his bumpah
1382374480366882817,ryanscolong,Wed Apr 14 16:45:34 +0000 2021,-97.9351915,29.8956065,*theatre
1382374480614457347,RAJTHAKUR42,Wed Apr 14 16:45:34 +0000 2021,-73.8311875,40.6708795,@Malathi___ Maheshwar Temple??
1382374480685764611,OrchardStanley,Wed Apr 14 16:45:34 +0000 2021,-97.75137699999999,28.4099495,@MrKrojak Be advised: mine was three when I watched my first Krojak video... she turns 47 tomorrow. Dont miss a single moment.
1382374481319055365,ferox_Iasyx,Wed Apr 14 16:45:34 +0000 2021,-73.9685415,40.780709,"@AdamGiblin1 @byMorganWright Sweet!(What the hell do you mean, ‚Äúoops‚Äù?!?)"
1382374482099200004,demetri1020,Wed Apr 14 16:45:34 +0000 2021,-80.926628,33.6311395,There‚Äôs truly beauty in your brokenness.. Jesus will give you beauty for ashes!!!Stay encouraged!!!
1382374483156164613,cassandra_gstlm,Wed Apr 14 16:45:34 +0000 2021,-111.498181,28.9698625,Volv√≠ a ver mi video del paraca√≠das ahorita y voy cayendo en cuenta que la rola que le pusieron me queda pero si al chingaso es poco
1382374483516854277,amellialois,Wed Apr 14 16:45:34 +0000 2021,-86.441236,39.766555499999996,"Traitor, racist, uncaring, b___.ü§¨ is putting it mildly. Doesn't matter the race or nationality there are going to b‚Ä¶ https://t.co/vEBkcRUGeU"
1382374483932053507,DebRobb2,Wed Apr 14 16:45:34 +0000 2021,-122.65866249999999,49.099138499999995,#WynonnaEarp #BringWynonnaHome @WynonnaWriters
1382374484045410312,jus_ruffin,Wed Apr 14 16:45:34 +0000 2021,-77.0143985,38.898602999999994,AANNNNKKKKLLLEESSSS üò±üò±üò±
1382374483848155136,nacholeber,Wed Apr 14 16:45:34 +0000 2021,-93.3694935,44.949067,Me if I bumped into Aaron Donald: https://t.co/pPP6Qm3Flq
1382374483311398917,VSPC,Wed Apr 14 16:45:34 +0000 2021,-82.625722,27.778367,ICYMI: @P1Offshore and @P1AquaX are racing into Downtown St. Pete‚Äôs waterfront on September 4th &amp; 5th! üö§üèÅ‚òÄÔ∏è https://t.co/jj1rALEhPJ
1382374484783468545,sidney_ella,Wed Apr 14 16:45:35 +0000 2021,-122.3306025,47.614817,This lawyer gives Costco lawyers a bad name.
1382374485345521671,gina0524_,Wed Apr 14 16:45:35 +0000 2021,-98.5406515,29.417501,Thick thick thick üçë #summer2k21
1382374485236535296,akfytwrestling,Wed Apr 14 16:45:35 +0000 2021,-82.4471605,28.219121,@Wrestling__crew @EdgeRatedR Whether they do or not isn‚Äôt even the point of discussion. It‚Äôs the discrediting of Ed‚Ä¶ https://t.co/ZxOb17Qrc2
1382374485576216579,Bmo_The_Milf,Wed Apr 14 16:45:35 +0000 2021,-117.585658,33.859093,This tree seems like cum https://t.co/qUCLSQVOzv
1382374486805127170,BBWThighTickler,Wed Apr 14 16:45:35 +0000 2021,-86.290863,41.679655499999996,@ANTIC00N What happened
1382374486805262343,sfarieri,Wed Apr 14 16:45:35 +0000 2021,-73.64911950000001,40.7720785,Thank god. #isles
1382374487165849600,KinseysKidneys,Wed Apr 14 16:45:35 +0000 2021,-112.12467649999999,33.5528625,play pretend by @braveweatherfl make s heart go üåäü¶§üêôü•≤
1382374487195287555,_MackTizzle_,Wed Apr 14 16:45:35 +0000 2021,-78.8954405,35.9909825,LMAOOOOOOOOOO üòÇüòÇüòÇüòÇ all on my Facebook &amp; Shit!
1382374490865303557,_iFant,Wed Apr 14 16:45:36 +0000 2021,-82.48408917,27.18261788,"I'm at Tervis Store in Osprey, FL w/ @7_dots https://t.co/QfhDTjRo7M"
1382374490668093442,_colindempsey,Wed Apr 14 16:45:36 +0000 2021,-116.238001,43.598033,I am excited to compete this summer with the best QB‚Äôs in the valley! Thank you for the invite @CoachJuss &amp;‚Ä¶ https://t.co/xh6j8GESo7
1382374492857589763,imjustincollins,Wed Apr 14 16:45:37 +0000 2021,-77.466665,43.159805,"Thank you to all our Dispatchers and Telecommunicators, the unseen heroes of Public safety!"
1382374493029502981,TheGrovePullman,Wed Apr 14 16:45:37 +0000 2021,-117.168417,46.732302,‚ú®Resident highlight‚ú®We're so excited for summer &amp; getting more great residents like today's resident highlight! üåü‚Ä¶ https://t.co/Ux7RmD7K1h
1382374492601774086,tjgatto,Wed Apr 14 16:45:36 +0000 2021,-80.235589,27.154450500000003,"So I guess God told you to allow the destruction of the environment, and to back a man who lied about the pandemic,‚Ä¶ https://t.co/k3uZE2Nrs6"
1382374493738307585,aubesp35,Wed Apr 14 16:45:37 +0000 2021,-97.1872035,33.0004625,https://t.co/r8UPK5lQDd
1382374495239933960,Ty_Beard,Wed Apr 14 16:45:37 +0000 2021,-97.1691565,31.547449,#RESPECT üêª for life! https://t.co/sf1HAXPz3E
1382374495860662273,thechefpants,Wed Apr 14 16:45:37 +0000 2021,-100.0768885,31.1688935,@TheBuzzard @crumbbutler The douche-y rich redneck truck in Texas is definitely the Ram.
1382374496343035909,JMillerrrrrr_,Wed Apr 14 16:45:37 +0000 2021,-95.3268995,29.547884500000002,But that rain is going to have to stop lbs I DO NOT DRIVE IN THE RAIN lbvsss
1382374496485654530,LesleyJ77364602,Wed Apr 14 16:45:37 +0000 2021,-85.7682405,37.822244,@jilevin Nope. That‚Äôs called rape
1382374496531849216,JScottMO,Wed Apr 14 16:45:37 +0000 2021,-92.4367735,38.3045585,"This is neat, but why include a photo of some young guy instead of @ryanjthomas83 ??? Kidding aside, excellent work‚Ä¶ https://t.co/m9fe9hL3ZU"
1382374496225546240,PoSt0nerDegen,Wed Apr 14 16:45:37 +0000 2021,-104.73118099999999,40.3753095,Thoughts and prayers üôèüôèüôèüôè My Fellow Degenerates #Fanduel ‚öæ‚öæ‚öæ‚öæCheck out this MLB lineup on FanDuel. Can you build a‚Ä¶ https://t.co/VM5mF3elSF
1382374497282621450,zezelic46,Wed Apr 14 16:45:38 +0000 2021,-73.0976515,40.927985500000005,https://t.co/S7TImABuSq
1382374496896704516,SavyLeiser,Wed Apr 14 16:45:37 +0000 2021,-87.732013,41.8335845,"This is what I'm working on for Friday. Still not done with filming &amp; editing, but interviewing a former Hollis Co‚Ä¶ https://t.co/a88pOY42Gh"
1382374497605459972,Wally_Mayz,Wed Apr 14 16:45:38 +0000 2021,-122.4359785,37.7706565,@RaesRubies Send them discount codes lol
1382374497630748675,randyschwart,Wed Apr 14 16:45:38 +0000 2021,-68.98470499999999,45.188407,Maybe his staff should have prepared him better..
1382374498129838082,obif95,Wed Apr 14 16:45:38 +0000 2021,-87.732013,41.8335845,Another pointless morning for meüò™
1382374498058506248,gangbangcity1,Wed Apr 14 16:45:38 +0000 2021,-87.732013,41.8335845,not my daughter saying she wanna go live at grandma‚Äôs house ü§£ü§£ü§£
1382374497911721984,King_Kai69,Wed Apr 14 16:45:38 +0000 2021,-73.8311875,40.6708795,Todos mujeres preguntan porque mienten mucho los hombre ? Y mi respuesta es los hombres mienten porque tenemos mied‚Ä¶ https://t.co/4YhJpOHdDo
1382374498528333825,tiannaccohen,Wed Apr 14 16:45:38 +0000 2021,-79.78030799999999,34.182661499999995,"i stopped at this food truck place in Florence, the man gon ask me why i come , to distract them? Sir i just want to eat üò≠üíú"
1382374497999806470,trelyday23,Wed Apr 14 16:45:38 +0000 2021,-98.319925,38.498196,@jordancicchelli https://t.co/zSZN5OXqfF
1382374498826129415,MR_GD_LXIX,Wed Apr 14 16:45:38 +0000 2021,-82.4558,27.9473,"Just posted a photo @ Tampa, Florida https://t.co/id78P3pdgG"
1382374499144802305,CerdafiedR,Wed Apr 14 16:45:38 +0000 2021,-111.931711,34.1682535,https://t.co/rHi7TRrykI
1382374499472060416,CarrieMac,Wed Apr 14 16:45:38 +0000 2021,-81.4548735,30.652209499999998,"@LizMiserables00 They also have ventilators inserted. You are right, it's a bad comparison."
1382374499597828096,HSHToria,Wed Apr 14 16:45:38 +0000 2021,-83.099288,42.3527865,@GhettoBasquiat I‚Äôll sit in the hotel love
1382374496322125829,Sentinel2Bot,Wed Apr 14 16:45:37 +0000 2021,-83.50211121,28.40973812,"Unknown location, do you recognise it? (28.4¬∞N 83.5¬∞W), 12 Mar 2021 https://t.co/uxAhOsTWtZ"
1382374499312631813,mcinnis_hannah,Wed Apr 14 16:45:38 +0000 2021,-100.0768885,31.1688935,Just living in my fairytale ‚ú® https://t.co/YoTCeiXcfo
1382374500327636997,GusSolano44,Wed Apr 14 16:45:38 +0000 2021,-87.7703685,41.7454425,1st Overall picks!!!!!
1382374500260528132,temporal3,Wed Apr 14 16:45:38 +0000 2021,-79.2725695,43.629311,spot on
1382374500382220294,wyojonny,Wed Apr 14 16:45:38 +0000 2021,-87.732013,41.8335845,she said ‚Äúdamn... double homicide‚Äù jesus christ
1382374500646342658,that1artist,Wed Apr 14 16:45:38 +0000 2021,-117.1195165,33.501021,@makenna_m19 https://t.co/4whgd04Enf
1382374501229367302,garconrudy,Wed Apr 14 16:45:39 +0000 2021,-98.5406515,29.417501,I can snack on just about anything and that‚Äôs dangerous
1382374501401395200,niyatashana,Wed Apr 14 16:45:39 +0000 2021,-86.6807375,32.576227,üò≠üò≠üò≠üò≠üò≠üò≠üò≠
1382374501732610050,Thurst_Mgurst,Wed Apr 14 16:45:39 +0000 2021,-118.4119065,34.0207895,üò≠üò≠üò≠üò≠üò≠üò≠
1382374501430661121,J0Rocky,Wed Apr 14 16:45:39 +0000 2021,-112.543989,33.43562,https://t.co/FJTKPaN6Tk
1382374502575656961,garconrudy,Wed Apr 14 16:45:39 +0000 2021,-98.5406515,29.417501,I will eat through a bag of Red Vines... or a tub of feta... a bag of grapes........ if left to my own devices. So I can‚Äôt snack. Ever.
1382374502986764288,MeSflanagan89,Wed Apr 14 16:45:39 +0000 2021,-118.1997165,34.2106345,@DanQCarruthers @washingtonpost 2--and you only are required to go (if wanting to keep on voting absentee) every 8‚Ä¶ https://t.co/UjENsEE5Vk
1382374503389523972,cameraman1961,Wed Apr 14 16:45:39 +0000 2021,-81.39519200000001,28.5998155,@bunnyontherox That's scary.
1382374503863496715,vodkasnowflake,Wed Apr 14 16:45:39 +0000 2021,-73.9685415,40.780709,@DonnyTheDog8 how old are you lol
1382374503750246401,Tank9trACE,Wed Apr 14 16:45:39 +0000 2021,-90.285145,38.840383,@IAmCinnamonSuga @KL_Blasian https://t.co/Im0iFPgxaI
1382374505398509569,emersonvzla,Wed Apr 14 16:45:40 +0000 2021,-122.3306025,47.614817,@vincenzonibali @TrekSegafredo @giroditalia Forza!
1382374505440444418,GHernandez916,Wed Apr 14 16:45:40 +0000 2021,-121.469664,38.561722,So he deserved to get shot and die?? Marc is part of the problem. ü§°
1382374505390170122,COREYANDREW,Wed Apr 14 16:45:40 +0000 2021,-74.066663,40.7180015,"@Writer_Luau @pandemichoax21 @erichhartmann No, but apparently you are an expert of unintelligible rhetorical respo‚Ä¶ https://t.co/lBxxjiCxxC"
1382374506736541698,BarbiekaKane,Wed Apr 14 16:45:40 +0000 2021,-73.8311875,40.6708795,@theweeknd üíãüíãüíãüíãüíãüíãüíãüíãüíãüíãüíãüíãüå¨üíãüíãüíãüíãüíãüíãüå¨üå¨üå¨üíãüíãüíãüíãüíãüíãüíãüíãüíãüíãüíãüíãüíãüíãüíãüíãüíã
1382374506866565123,advent_crash,Wed Apr 14 16:45:40 +0000 2021,-87.732013,41.8335845,Alright photoshop users. What was the first ‚Äúcool‚Äù thing you learned how to do on photoshop? Bonus points if you ca‚Ä¶ https://t.co/JWyIvBdriZ
1382374507759996932,IUPUIGUY82,Wed Apr 14 16:45:40 +0000 2021,-81.705467,41.495939500000006,@knekolas https://t.co/OZLx8EJKCP
1382374508187807747,AFeathers0963,Wed Apr 14 16:45:40 +0000 2021,-73.9685415,40.780709,@RitaDaniels69 For someone 70 you're super gorgeous ü•∞
1382374508191879170,VagabondPNW,Wed Apr 14 16:45:40 +0000 2021,-122.923516,47.064528,@shanehall31 Who was that Baltimore guy that was super hyped? Around 2003 blanking on him?
1382374508460437506,abbeyidak,Wed Apr 14 16:45:40 +0000 2021,-86.791549,36.200008,oml i hate Benji üòÇüòÇüòÇüòÇüòÇüòÇüòÇüòÇüòÇ
1382374508393283588,Newarkguy1973,Wed Apr 14 16:45:40 +0000 2021,-74.2367465,40.770981500000005,@sanrous2 @GuilleMarx @sheila06942158 @YolyBTO @TeresaEdelglass @Dolly0811 @elgatoweebee @SaulNazario @di67029‚Ä¶ https://t.co/r30nu3zw0m
1382374508703539204,austinraylynch,Wed Apr 14 16:45:40 +0000 2021,-147.0458635,64.67665500000001,CRYPTO TO THE FUCKIN MOOOOOOOOOOOOOOON
1382374508854661124,jon_rogers,Wed Apr 14 16:45:40 +0000 2021,-91.53706199999999,41.6473535,@LVann_Sports Love Taylor but had to poke fun at Iowa football‚Äôs love of punting.Looking forward to your stories and podcasts Leah!
1382374508967911429,bjk_phl,Wed Apr 14 16:45:40 +0000 2021,-75.29585,39.9293605,@ClaireAllan @bookouture Isn't this vetted?
1382374507948560385,freehandprofit,Wed Apr 14 16:45:40 +0000 2021,-118.4119065,34.0207895,"Show range but make it art üé®Part II, all based around 1 mask... https://t.co/l2qX4xfDsX"
1382374509051789325,milkweedvicky,Wed Apr 14 16:45:40 +0000 2021,-80.44101649999999,25.494702500000002,"Ive been quiet for far too long around people, constantly afraid of what they‚Äôll think of me when I fully express m‚Ä¶ https://t.co/WQR2gu68rn"
1382374508779167754,somekindofjames,Wed Apr 14 16:45:40 +0000 2021,-79.42086499999999,38.003375500000004,Good afternoon to Jon Merrill and his mullet only
1382374509743902725,CLAUDlACHO,Wed Apr 14 16:45:41 +0000 2021,-80.2333285,25.7823535,I wanna be able to say I landed a contract while chilling poolside üòá
1382374509932470276,claudiapinzond,Wed Apr 14 16:45:41 +0000 2021,-92.342322,34.721886,https://t.co/Jz4vb4oKYu
1382374510222057475,jayson_joshi,Wed Apr 14 16:45:41 +0000 2021,-75.117998,40.0048655,"@blacksabrejr1 But if they add Kurt Angle to the mix, their chances of winning drastic go down!"
1382374510553395201,JayRay566,Wed Apr 14 16:45:41 +0000 2021,-96.7617535,32.819858499999995,@NewWaveRave1 @disclosetv What should they do?
1382374510976974855,sheeds214,Wed Apr 14 16:45:41 +0000 2021,-73.2587125,42.450811,@Buccigross That‚Äôs some good flow going on.
1382374511455002624,thejustinjust,Wed Apr 14 16:45:41 +0000 2021,-92.6338345,32.5369,"The Sunny Gang for sure. They‚Äôre literally insane, dude. Any one of them could commit murder and I wouldn‚Äôt be surp‚Ä¶ https://t.co/XTiRL7z4zu"
1382374511752802307,travisatreo,Wed Apr 14 16:45:41 +0000 2021,-118.4119065,34.0207895,@GujiLorenzana üôåüèΩüôåüèΩ
1382374511962689538,Jeffersonhiker,Wed Apr 14 16:45:41 +0000 2021,-83.4838915,36.126251499999995,@UVAFootball @NFFNetwork The Cavaliers of Virginia
1382374511966707714,raiders247,Wed Apr 14 16:45:41 +0000 2021,-121.436217,37.723349999999996,@HellsKitchen9 @Candy__Walter Hahahaha https://t.co/yyHhFaes08
1382374512998502406,tmj_ash_nursing,Wed Apr 14 16:45:41 +0000 2021,-82.2270568,34.9387279,"If jobs with titles like ""Clinical RN II - Med Surg 4"" sound appealing to you, follow us to hear about these types‚Ä¶ https://t.co/Uj0YFe1LF8"
1382374513153773568,tmj_GA_pharm,Wed Apr 14 16:45:41 +0000 2021,-82.3328962,31.2059716,"This job is now open at CVS Health in Waycross, GA. Follow us and turn on mobile alerts to hear about jobs like the‚Ä¶ https://t.co/v1McKd6IA6"
1382374513833218055,AmyKate8LFC,Wed Apr 14 16:45:42 +0000 2021,-117.104989,32.810012,@elsieelse @seanleonardart #LFC
1382374514290528257,Canttellmenutn_,Wed Apr 14 16:45:42 +0000 2021,-71.378008,41.877246,Crazy i was just talking to Ant about my cousin wake. Hood your ppl close man
1382374514416312325,ctbewoodz_1500,Wed Apr 14 16:45:42 +0000 2021,-75.117998,40.0048655,Lowkey but know a lot of mfers
1382374514244263938,yoda76547,Wed Apr 14 16:45:42 +0000 2021,-97.4820995,31.077449,THIS. The first person that Kara mentions at the beginning is her sister. And it‚Äôs the first thing she mentions ove‚Ä¶ https://t.co/efHh4afC5v
1382374514718343168,YungLittlefoot,Wed Apr 14 16:45:42 +0000 2021,-85.7682405,37.822244,@DMKiddeaux Pick me up some stuff please
1382374514936401922,Steve618,Wed Apr 14 16:45:42 +0000 2021,-79.2725695,43.629311,@karenlimusic I love Stacie. She so sassy...
1382374515297067009,AliefOGTFrank,Wed Apr 14 16:45:42 +0000 2021,-95.3698028,29.7604267,Just posted a photo @ Private Location https://t.co/odIbfu20Xn
1382374515393630213,bennymac34,Wed Apr 14 16:45:42 +0000 2021,-79.319192,44.0123485,@NHL Sabres fans vs. The Pegulas
1382374515976634368,AudaciousSoulbx,Wed Apr 14 16:45:42 +0000 2021,-73.9685415,40.780709,"@dantheestan Yup, welcome to our trashy ny newspapers smh"
1382374515154460673,HBUEngineering,Wed Apr 14 16:45:42 +0000 2021,-95.44648649999999,29.838495,"‚ÄúMy flesh and my heart may fail, but God is the strength of my heart and my portion forever.‚Äù - Psalm 73:26‚Ä¶ https://t.co/qxD0sp0cP0"
1382374515645284359,Maybe1000Jasus,Wed Apr 14 16:45:42 +0000 2021,-79.42086499999999,38.003375500000004,I stay telling people this and this pretty much covers my views on everything lol https://t.co/6OzWXMBs7N
1382374516052099072,nosignature_,Wed Apr 14 16:45:42 +0000 2021,-89.997352,29.9558385,RAINNNNNNN AGAINNNN https://t.co/OkLgPcEaYG
1382374516500934658,BabyGrillCheese,Wed Apr 14 16:45:42 +0000 2021,-95.44648649999999,29.838495,$Dogecoin going crazy ü§ëü§ëü§ë
1382374516383309824,workwithflux,Wed Apr 14 16:45:42 +0000 2021,-122.6764816,45.5230622,Looking to broaden the scope of what you do? Joining the Flux team will lead to work that will challenge you and st‚Ä¶ https://t.co/wN4GBiLxqi
1382374516547026949,slimfineMF,Wed Apr 14 16:45:42 +0000 2021,-92.0767015,32.521243,Lemme tell yall something. If i intervene in a situation trying to save your life and i lose mine in the process IM‚Ä¶ https://t.co/cl02oTwCmT
1382374516555448325,jkastritis,Wed Apr 14 16:45:42 +0000 2021,-83.804475,27.698681999999998,"Every day is a good day to unseat, arrest, indict, &amp; convict MTG until all of the above is a reality."
1382374516962172928,ultabeautyjobs,Wed Apr 14 16:45:42 +0000 2021,-82.6678078,28.2035353,"#UltaBeauty is hiring our newest professional in #Trinity, FL. We would love to connect with you! If interested, cl‚Ä¶ https://t.co/xh23Rjf8YL"
1382374517327138825,AnnZuccardy,Wed Apr 14 16:45:42 +0000 2021,-76.148999,39.4977025,@LauraEllisRLTR Yessssss!  Beautifully said.  ‚ù§Ô∏è
1382374517402521600,hoadindotcom,Wed Apr 14 16:45:42 +0000 2021,-73.95,40.65,"Just posted a photo @ Brooklyn, New York https://t.co/8kCNnFVorm"
1382374517692112903,itskiyahhhhb,Wed Apr 14 16:45:42 +0000 2021,-87.8648875,42.3145765,a soulmate is someone who will make you be the most ‚ÄúYOU‚Äù that you can possibly be
1382374517293543429,Flesh_Filet,Wed Apr 14 16:45:42 +0000 2021,-118.2480625,33.839611500000004,"can't wait to graduate from being ""big t-shirt lady"" to ""tight workout clothes lady"" @ da gym https://t.co/oNAuE1TRvs"
1382374517700399104,OfficialBLVRR,Wed Apr 14 16:45:42 +0000 2021,-97.116784,32.5735485,i will never forget when i witnessed svdden death throw down at green elephant
1382374517503365121,AllKindsWeather,Wed Apr 14 16:45:42 +0000 2021,-74.2946025,40.846404,@tayruf üê±üê±üê±üê±üê± https://t.co/Y2Hu7tAWhE
1382374518027644928,paulsighmon,Wed Apr 14 16:45:43 +0000 2021,-71.5507035,42.3458205,@ironasticgirl2 I literally made no comment on what happened between them you absolute weirdo please touch some gra‚Ä¶ https://t.co/KA3HM7RAGp
1382374519290089474,TotalTrafficAUS,Wed Apr 14 16:45:43 +0000 2021,-97.67733,30.40786,Accident reported in #Travis on Parmer Ln at N Lamar Blvd #ATXtraffic https://t.co/8laei8iLor
1382374519298527233,TotalTrafficATL,Wed Apr 14 16:45:43 +0000 2021,-84.52126,33.76513,"Accident cleared in #Fulton on I 20 EB before Fulton Industrial Blvd/Exit 49, stop and go traffic back to Thornton‚Ä¶ https://t.co/55wWs0CaFF"
1382374519449456641,TotalTrafficELP,Wed Apr 14 16:45:43 +0000 2021,-106.3319,31.74424,Fire in #ElPaso on Gtwy Blvd E/W WB at Lomaland Dr #traffic https://t.co/nZ2qPHc0XJ
1382374519487217664,totaltrafficclt,Wed Apr 14 16:45:43 +0000 2021,-80.81789,35.21223,Lane restrictions in #Elizabeth on E 7TH ST near Pecan Ave / Caswell Rd. #traffic https://t.co/FWT2jwReVT
1382374519524913155,softailyankee,Wed Apr 14 16:45:43 +0000 2021,-100.0768885,31.1688935,WTF
1382374519579537413,RobbyKRyder,Wed Apr 14 16:45:43 +0000 2021,-85.242564,35.0919545,"Welp, @pdxfootballclub just killed me ever buying shares in clubs based on what they claim their plan is. Unless‚Ä¶ https://t.co/VNDZFeNuzW"
1382374519965413390,TotalTrafficPHL,Wed Apr 14 16:45:43 +0000 2021,-75.19345,40.00617,"Roving crew. right lane closed in #Philadelphia on Blvd (Rt 1) NB between I-76 and Wissahickon Ave, slow traffic ba‚Ä¶ https://t.co/Uohz2OB6Id"
1382374519982145537,Juwanuwild,Wed Apr 14 16:45:43 +0000 2021,-77.0143985,38.898602999999994,Then Get Mad When Somebody Correct Themüòí Yall stupid ignorant fucks! Go educate yourselves
1382374519877238790,jkrn86,Wed Apr 14 16:45:43 +0000 2021,-118.4119065,34.0207895,Why ü•≤ü•∫ https://t.co/Sk38dOXrWS
1382374520066076675,TotalTrafficLA,Wed Apr 14 16:45:43 +0000 2021,-118.4282,34.423,!!sigalert!! crash blocking the carpool lane. in #SantaClarita on 14 (SR-14 Antelope Vly Fwy) NB after Sand Cyn Rd‚Ä¶ https://t.co/PsEWicKqyq
1382374520426729485,AbrahamJr_,Wed Apr 14 16:45:43 +0000 2021,-100.0768885,31.1688935,really debating on selling my truck ü•≤
1382374520405778435,TotalTrafficAUS,Wed Apr 14 16:45:43 +0000 2021,-97.71479,30.34416,Accident reported in #Austin on Lamar Blvd SB before US 183 #ATXtraffic https://t.co/8laei8iLor
1382374520292581377,bigdelicious,Wed Apr 14 16:45:43 +0000 2021,-87.732013,41.8335845,Happy IPO day to our friends at @coinbase! ü•≥ It's been exciting to watch your company grow. üöÄ You know who to call‚Ä¶ https://t.co/eDPUUwCha9
1382374520401629188,TotalTrafficNYC,Wed Apr 14 16:45:43 +0000 2021,-73.67551,40.98998,"Accident, right lane blocked in #PortChester on I-287/Cross Westchester Xpwy WB at X12/I-95/New England Thruway, st‚Ä¶ https://t.co/fYLXPDjJbs"
1382374520984571911,GreenLightCards,Wed Apr 14 16:45:43 +0000 2021,-79.2725695,43.629311,@HeavyJ28 Thanks Heavy!! üëäüëè
1382374521261334530,SheaBenton,Wed Apr 14 16:45:43 +0000 2021,-117.104989,32.810012,@khmiller182 Apparently it was the wrong kind because the Padres lost. Cc @ScottPetersSD
1382374521877843970,mi90films,Wed Apr 14 16:45:43 +0000 2021,-118.30045071,34.11904299,Just posted a photo @ Griffith Observatory https://t.co/Zm1Eu8LUkN
1382374521945128963,VIORVOX,Wed Apr 14 16:45:43 +0000 2021,-73.95,40.65,"Just posted a photo @ Brooklyn, New York https://t.co/xM0Clxlqp6"
1382374521768845317,thewtcommunity,Wed Apr 14 16:45:43 +0000 2021,-166.5996925,23.6913645,Hey everyone. How‚Äôs it going? #withintemptation https://t.co/cknt75ISDq
1382374522041536514,BarbiLewis,Wed Apr 14 16:45:43 +0000 2021,-76.2958955,36.7632155,@GOPLeader Harris doesn‚Äôt care if our laws are broken. She will just stand there and laugh like a hyena anyway and‚Ä¶ https://t.co/ttkjmWylvZ
1382374524654657536,TotalTrafficCLE,Wed Apr 14 16:45:44 +0000 2021,-81.51406,41.31387,Accident in #Macedonia on Rt 82 at I-271 #traffic https://t.co/IXfI2jHBEJ
1382374524814032896,dr_cellini,Wed Apr 14 16:45:44 +0000 2021,-73.9685415,40.780709,@satyamvmd Lol I can‚Äôt read dates üôà
1382374525443117060,lady_sassy13,Wed Apr 14 16:45:44 +0000 2021,-97.432425,27.737151,@ericaarivera @yrcarter86 congrats on your baby boy! ü•∫üíô and congrats to tia Erica!
1382374526063902725,Jessie_Hyatt,Wed Apr 14 16:45:44 +0000 2021,-84.296906,33.7722075,"@ChrisStapleton Please, please, PLEASE come to Georgia!!!!"
1382374526802100226,GoofyDoug,Wed Apr 14 16:45:45 +0000 2021,-81.7332615,28.538169500000002,@DisMomKnows POP
1382374526823055363,TravWelch93,Wed Apr 14 16:45:45 +0000 2021,-81.834138,41.313032500000006,@PriscoCBS Now talk about his run defense and pff grade bozo
1382374526466420736,BettyAnneCFP,Wed Apr 14 16:45:45 +0000 2021,-76.0468215,44.459227,Looking forward to sharing insights on #philanthropicplanning #legacyplanning #women @BeWellAdvised #CAGP21 https://t.co/9fKN02QuMt
1382374526986555393,letyvillalvazo,Wed Apr 14 16:45:45 +0000 2021,-115.223125,36.232915,what‚Äôs the move? https://t.co/yx818NO9Fn
1382374527762628608,don5025,Wed Apr 14 16:45:45 +0000 2021,-73.63815650000001,40.668621,@WoodrowForCO Are you really that stupid?
1382374527791861760,i_uppercutkids,Wed Apr 14 16:45:45 +0000 2021,-97.011168,32.655677999999995,üß†
1382374528152608772,cllrainslie,Wed Apr 14 16:45:45 +0000 2021,-79.2725695,43.629311,@celliottability How many deaths?
1382374528530014209,theresabueno68,Wed Apr 14 16:45:45 +0000 2021,-118.4119065,34.0207895,Love/hate upper body day üò©
1382374528538583042,Sparky_Dev,Wed Apr 14 16:45:45 +0000 2021,-85.7682405,37.822244,"Match made in heaven, surely üíúüíö"
1382374528878215169,gerardocss,Wed Apr 14 16:45:45 +0000 2021,-119.30660750000001,37.2691755,@ojos_de_gata_ Oops
1382374528781856768,KXRELLA,Wed Apr 14 16:45:45 +0000 2021,-79.0021125,35.054626999999996,eat and take time to yourself.
1382374528630738945,MysteryChick71,Wed Apr 14 16:45:45 +0000 2021,-82.6694675,40.365159500000004,@StarringShane Oh crap! Nope! üò≤üò¨ https://t.co/P6iXSw1lJ2
1382374529129877505,perladfwrealtor,Wed Apr 14 16:45:45 +0000 2021,-96.7617535,32.819858499999995,Two weeks till MIAMI bby!! ü•≥ü•≥
1382374530535067653,MiloIna_,Wed Apr 14 16:45:46 +0000 2021,-83.1738665,32.6782075,@Kisey Lol that‚Äôs very true!!
1382374530606317568,badgyaldeni,Wed Apr 14 16:45:46 +0000 2021,-71.0887125,42.3136695,LOLLLLLLLLLLLl
1382374530753122310,AnimalMemorial,Wed Apr 14 16:45:46 +0000 2021,-73.9685415,40.780709,@NowThisEspanol @nowthisnews European tourists (and some other tourists also) don't tip in NY. They think it's incl‚Ä¶ https://t.co/JC6WtXSYeC
1382374532380524548,FarrahGlamour,Wed Apr 14 16:45:46 +0000 2021,-77.49317049999999,37.529883,@ly_rgr Te adoro amiga ‚ù§Ô∏è gracias por siempre hacerte el tiempo. Muero por ir a verte y exigir comida a gritos como los p√°jaros üòò
1382374532590145538,FuriaFirpenseLA,Wed Apr 14 16:45:46 +0000 2021,-118.2445,34.0564,"MELVIN AD√çEL MARTINEZ nos comparte la fotograf√≠a de su hijo. üá≥üá±‚öΩÔ∏èüá∏üáª‚öΩÔ∏èüá∫üá∏ @ Los Angeles, California https://t.co/jQFBeXZseZ"
1382374532728516609,claynrobinson,Wed Apr 14 16:45:46 +0000 2021,-112.12467649999999,33.5528625,"@AshtonJWillcox ‚Äúmy mentor, denver riggleman, former VA congressman, (insert monologue about VA politics)‚Äù"
1382374532728623106,jbaruch,Wed Apr 14 16:45:46 +0000 2021,-85.9785995,35.8305215,@PstafarianPrice The first dark theme of @intellijidea was called Darcula.
1382374532766445571,dom_ervin,Wed Apr 14 16:45:46 +0000 2021,-75.2752845,39.9552785,@TwistedTea Exactly how Grandmom made it
1382374532707725312,MommaMya_,Wed Apr 14 16:45:46 +0000 2021,-101.4423685,32.24493,Got up this morning and didn‚Äôt want to go to the gym but I‚Äôve been keeping steady so me and camila got ready and as‚Ä¶ https://t.co/4Lmjz337lu
1382374532816719878,BaileyCarlin,Wed Apr 14 16:45:46 +0000 2021,-73.9685415,40.780709,Been at the company for infinitely more time than you ever will champ. Keep sitting behind your computer wishing fo‚Ä¶ https://t.co/VhMGPGYtov
1382374532179181570,ajdgphotography,Wed Apr 14 16:45:46 +0000 2021,-88.9915295,40.524775000000005,Continuing my game of catch up posting because we have now done 3 shoots since this night‚Ä¢ ‚Ä¢ ‚Ä¢#blacklivesmatter‚Ä¶ https://t.co/31b8S4WHkl
1382374533466894345,corporatetrappa,Wed Apr 14 16:45:46 +0000 2021,-121.8737305,37.331159,"@aplasticplant hit 100k, celebrated for a little, and then got right back to the grind. #respect"
1382374533764616194,JeniferRajkumar,Wed Apr 14 16:45:46 +0000 2021,-73.8311875,40.6708795,@devinlandin I beat Super Mario 3 twice in one day. Just wanted you to know
1382374535186554880,MorganGreenMSU,Wed Apr 14 16:45:47 +0000 2021,-88.8216885,33.456503999999995,@dwcase Bigger flex:You get Waffle House to donate to the Band Field Fund
1382374535731707907,Gio3272,Wed Apr 14 16:45:47 +0000 2021,-118.4119065,34.0207895,@_aldair23 What did you use Experian?
1382374537166213124,Pierre_Plam,Wed Apr 14 16:45:47 +0000 2021,-68.210733,49.181628,@cfillion40 Oui. Passe le mot!
1382374537539506176,Kendrajade_,Wed Apr 14 16:45:47 +0000 2021,-86.1453205,39.5830385,i think my good karma is mackenzie being my best friend. i ain‚Äôt NEVER met a bitch like her
1382374538240000015,heapevents,Wed Apr 14 16:45:47 +0000 2021,-77.2717,39.1732,Coronavirus Dc Maryland Virginia ‚òù üòê  https://t.co/goTsTXDqyK
1382374539284340741,danablankenhorn,Wed Apr 14 16:45:48 +0000 2021,-84.433106,33.7671945,"@dahowlett @Inc Apple doesn't care about the Free Web. Never did. Sad, but true in retrospect"
1382374538084818949,scarletthampt0n,Wed Apr 14 16:45:47 +0000 2021,-118.4119065,34.0207895,My sexy stepsisterüíãüíã @SabinaRouge ‚ô•Ô∏è.See us live together https://t.co/a5hqI26bqL https://t.co/DpHDWFViP6
1382374539213090816,Omaha_Tiger,Wed Apr 14 16:45:48 +0000 2021,-96.053431,41.275721000000004,@mojowo11 @jthom1 @crlnmccskr That analogy is gold.  Made me lol.  It‚Äôs the Post Dispatch. What do you expect?   A‚Ä¶ https://t.co/SLaYBsXWfs
1382374540089626624,DVOGRAPHER,Wed Apr 14 16:45:48 +0000 2021,-86.793917,33.5422375,"This goes out to the Parents of Daunte  Wright ! Did You ever teach Him to respect Lawenforcement ?DID YOU EVER ,‚Ä¶ https://t.co/MigRkI4zZC"
1382374540488159234,zezelic46,Wed Apr 14 16:45:48 +0000 2021,-73.0976515,40.927985500000005,https://t.co/YIsQeOkvWc
1382374540421038084,jaxgarry,Wed Apr 14 16:45:48 +0000 2021,-77.0143985,38.898602999999994,One of them n y reasons i take photos.
1382374542098726913,lincolnjason,Wed Apr 14 16:45:48 +0000 2021,-99.6809025,41.500729500000006,I‚Äôd like to announce my rule changes for going to the moon. Oh it‚Äôs not up to me. Then why change the baseball rule‚Ä¶ https://t.co/1Yz8SYRQO5
1382374542321008642,GloriaS45128552,Wed Apr 14 16:45:48 +0000 2021,-77.0143985,38.898602999999994,I will say it a little louder this time...George Floyd is not on trial
1382374542237167621,matthewsardo,Wed Apr 14 16:45:48 +0000 2021,-82.67290299999999,27.7957195,The internet...
1382374542417530880,mhuntone,Wed Apr 14 16:45:48 +0000 2021,-77.57245499999999,43.211766999999995,@tateellen That's such a good movie! I own that one! But yeah... Wouldn't want to watch with my folks...
1382374543034040323,KngNate_,Wed Apr 14 16:45:48 +0000 2021,-78.657837,35.8439815,Shawty‚Äôs pussy is literally a cemetery. Shit don‚Äôt make nothing after popping those bc perkys.
1382374543151419392,stackschedda,Wed Apr 14 16:45:49 +0000 2021,-104.4436025,36.886542000000006,üòÇüòÇüòÇ
1382374544317435904,steamy_bunz,Wed Apr 14 16:45:49 +0000 2021,-97.011168,32.655677999999995,"Stardew valley OpinionsThere should be a setting where you determine if you want the town to stay the same, or if‚Ä¶ https://t.co/CWSqpFX8tR"
1382374544200044547,bfoxxie,Wed Apr 14 16:45:49 +0000 2021,-82.6694675,40.365159500000004,The lawn and garden guys at Walmart acted like they saw a rare phenomenon when I pulled up in a diesel truck and wo‚Ä¶ https://t.co/eatr9HgTzk
1382374544917221379,MColeman210,Wed Apr 14 16:45:49 +0000 2021,-98.5406515,29.417501,Me trying to load up my PS4
1382374545781268483,steamy_bunz,Wed Apr 14 16:45:49 +0000 2021,-97.011168,32.655677999999995,"Or they keep going until they move out! Once they‚Äôre like 16, they work on the farm with you! ALSO if you marry one‚Ä¶ https://t.co/rxcXVyXwsA"
1382374545902952448,Jimmcnary,Wed Apr 14 16:45:49 +0000 2021,-90.011008,29.982601,"@cjjohns1951 Sure, and jamming a needle into your thorax or pericardium *can* make you feel better..."
1382374546611703809,steamy_bunz,Wed Apr 14 16:45:49 +0000 2021,-97.011168,32.655677999999995,(because a game where they‚Äôre all bi but all of them end up in man-woman couples üôÑ sure). It randomizes who ends up‚Ä¶ https://t.co/5eFM7PPyfB
1382374546884349954,ivaanonee,Wed Apr 14 16:45:49 +0000 2021,-106.4174305,31.793368,@luvvnessaa Bout to block u
1382374547186405378,TatyRAW,Wed Apr 14 16:45:49 +0000 2021,-83.1738665,32.6782075,Stop slandering my good name.
1382374547492507648,steamy_bunz,Wed Apr 14 16:45:50 +0000 2021,-97.011168,32.655677999999995,"AND NON-BINARY FARMER OPTIONS!!!!!! Like, my farmer is non-binary, and it annoys me that I can‚Äôt change what pronou‚Ä¶ https://t.co/KC3aSLYH9C"
1382374547744243717,HDPTonline,Wed Apr 14 16:45:50 +0000 2021,-71.08641,42.516437,#WisdomWednesday:April is #NationalCancerControlMonth.  #Exercise helps prevent cancer &amp; increases survival chances‚Ä¶ https://t.co/P97VKzMveE
1382374548184604673,dweinberger66,Wed Apr 14 16:45:50 +0000 2021,-115.223125,36.232915,"@jbrownedianis Except we now know, his knee wasn‚Äôt on his neck. Sorry Chauvin is entitled to due process"
1382374548046110721,beevsta,Wed Apr 14 16:45:50 +0000 2021,-112.12467649999999,33.5528625,me at my desk today after staying up too late on a week night and not getting 8-9 hours of sleep as usual https://t.co/FrPFfN2BAZ
1382374548671188992,tanyaby75,Wed Apr 14 16:45:50 +0000 2021,-85.0690195,33.580081500000006,@Paula_White Amen
1382374548868317189,evanrmcmahan,Wed Apr 14 16:45:50 +0000 2021,-79.02601999999999,35.919441500000005,@MackDouglas34 lmfaooo so true üò≠
1382374549732331521,theburakerhan,Wed Apr 14 16:45:50 +0000 2021,-73.9487755,40.655138,Facts
1382374550755627009,oompahead,Wed Apr 14 16:45:50 +0000 2021,-95.44648649999999,29.838495,NBC has full-on embraced that the Olympics is a go.  I love the games and all the smaller sports that get recogniti‚Ä¶ https://t.co/l20eQozpOU
1382374550797754371,PeteMarek,Wed Apr 14 16:45:50 +0000 2021,-81.705467,41.495939500000006,"@CtyGrlPhoto @IntroCLE Hey, look at you!!!"
1382374551498207232,MacarenaDLVDL,Wed Apr 14 16:45:51 +0000 2021,-81.80305150000001,41.4804175,Looking forward to PS08 #SAH2021
1382374552567640067,mejaydenx,Wed Apr 14 16:45:51 +0000 2021,-93.31625249999999,45.063727,This just in Former Minnesota police officer Kim Potter to be charged with 2nd-degree manslaughter in shooting deat‚Ä¶ https://t.co/uWU4ji6he8
1382374552676683779,JaredGoyette,Wed Apr 14 16:45:51 +0000 2021,-93.2620465,44.9706105,"It's been pointed out to me that not all kid shaking the fence were white. I accept that, and will, as requested de‚Ä¶ https://t.co/B5hnDusNgL"
1382374554832633857,damianblewitt,Wed Apr 14 16:45:51 +0000 2021,-78.487448,38.0400365,@colton congratulations on having the courage to be yourself ‚ù§Ô∏è
1382374555436650496,CarolynLensch,Wed Apr 14 16:45:51 +0000 2021,-78.8954405,35.9909825,@AmayaFinklea @DukeWBB Welcome to Duke! üíôüòà
1382374556292161544,tmj_CAA_NURSING,Wed Apr 14 16:45:52 +0000 2021,-118.8741429,34.2024698,This Nursing job might be a great fit for you. Click the link in our bio to see it and more. Oncology Nurse II PRN‚Ä¶ https://t.co/1dyJZ5g3i7
1382374556631846912,tmj_IN_schn,Wed Apr 14 16:45:52 +0000 2021,-86.2519898,41.6763545,"RNDC is looking for teammates like you. See our latest Operations job openings, including ""Driver - CDL"", via the l‚Ä¶ https://t.co/SE0Xs4YN4a"
1382374557131145219,Jazelner,Wed Apr 14 16:45:52 +0000 2021,-88.27921900000001,40.1074845,Read all these it‚Äôs unreal content
1382374557441527811,jewellovedon,Wed Apr 14 16:45:52 +0000 2021,-76.255686,36.895082,SIGN: Justice for Chihuahua Found Burned to Death in Melted Cage https://t.co/NLIX32szer‚ù£PLEASE SIGN AND SHARE‚ù£
1382374557533687809,tmj_LA_it,Wed Apr 14 16:45:52 +0000 2021,-90.0715323,29.9510658,"This job is now open at RemX in #NewOrleans, LA. Follow us and turn on mobile alerts to hear about jobs like these‚Ä¶ https://t.co/pStZGQzQfa"
1382374558502514691,LavenderMisfit,Wed Apr 14 16:45:52 +0000 2021,-117.1195165,33.501021,I get my first vaccine dose on Saturday!!! ü•∫
1382374558460747781,Tommy_Teaser,Wed Apr 14 16:45:52 +0000 2021,-83.21355700000001,42.314732,I LOVE me some Trevor Bauer
1382374559001702400,RalphPSimon,Wed Apr 14 16:45:52 +0000 2021,-97.754724,30.323345500000002,@THESagerbomb I do now! üôÑ I guess I've lived a sheltered life
1382374560201281538,DCleggPhoto,Wed Apr 14 16:45:53 +0000 2021,-80.84333333,35.22694444,"@sammy_chula #beauty #cosmetics @derrickcleggstudios @ Charlotte, North Carolina https://t.co/UN4TZmbMWn"
1382374560297799680,valeriedperry,Wed Apr 14 16:45:53 +0000 2021,-79.3683305,41.2023165,@JenniButtonUSA @NatlParkService So many!! But top of my list is @DryTortugasNPS!
1382374560943673344,LTjgBenJLadd,Wed Apr 14 16:45:53 +0000 2021,-97.844068,30.086298999999997,üëèüëèüëè
1382374561103159302,CoreyGoldsby1,Wed Apr 14 16:45:53 +0000 2021,-80.219911,26.212769,@6Takemdeep @CjGoldsby_jr @DemetricDWarren @TheUCReport Take off
1382374561254158345,_vstk,Wed Apr 14 16:45:53 +0000 2021,-81.705467,41.495939500000006,why would she say thisüò≠üò≠üò≠
1382374561707081729,LUXRE,Wed Apr 14 16:45:53 +0000 2021,-155.88795842,19.91906143,"Waikoloa, Hawaii - $1,599,000 USD https://t.co/fZQLmlOaJt https://t.co/0XHEuNMWKO"
1382374562466295813,umerr2000,Wed Apr 14 16:45:53 +0000 2021,-79.7667,43.6833,"Just posted a photo @ Brampton, Ontario https://t.co/HmmgV5UjH3"
1382374562524975105,nando_shaman,Wed Apr 14 16:45:53 +0000 2021,-79.2725695,43.629311,@danianepg @stormqueen1990 Acho que isso que me incomoda mais dos smart watches: durar pouco a bateria. N√£o sei qua‚Ä¶ https://t.co/lNArrFEunG
1382374562675982337,loolu18,Wed Apr 14 16:45:53 +0000 2021,-79.616073,43.555244,"""Force Majeure"" is not new language. So don't going trying to add fuel to start an unnecessary fire."
1382374562873106436,justrisathings,Wed Apr 14 16:45:53 +0000 2021,-83.804475,27.698681999999998,Working 6 days a week two weeks in a row does wonders to my mental health. And by wonders I mean destroy it
1382374564500410368,masonbutler,Wed Apr 14 16:45:54 +0000 2021,-93.2620465,44.9706105,"@in2ishnnow If you feel you need to vomit, do so. It'll make the trip stronger. Avoid ibuprofen but get some vitamin C."
1382374564441767936,akfytwrestling,Wed Apr 14 16:45:54 +0000 2021,-82.4471605,28.219121,@johnlees927 Great point. Didn‚Äôt even think that far.
1382374565637091329,GTOnySanchez,Wed Apr 14 16:45:54 +0000 2021,-100.0768885,31.1688935,@JohnCena @TheFastSaga Can‚Äôt wait! Maybe fast10 can have @JohnCena driving my GTO!
1382374565611905027,BoiseStateKO,Wed Apr 14 16:45:54 +0000 2021,-116.653188,43.6439045,@Chase_Glorfield https://t.co/EnXUgG62Iv
1382374565876277252,brando4k,Wed Apr 14 16:45:54 +0000 2021,-84.266174,30.476215500000002,https://t.co/VCiWphxvBb
1382374567952277505,shersherloves,Wed Apr 14 16:45:54 +0000 2021,-118.4119065,34.0207895,üíóüíóüíóüíó
1382374568883523589,MrMiles02569390,Wed Apr 14 16:45:55 +0000 2021,-76.0211515,42.128166,@LokelaniRocks My grandma too she would be fussing üòÇü§£
1382374568942133249,VictoriaArmonie,Wed Apr 14 16:45:55 +0000 2021,-95.44648649999999,29.838495,It‚Äôs my friends giving me constructive criticism for me! üíó
1382374569063895040,jeffgyr,Wed Apr 14 16:45:55 +0000 2021,-75.398575,39.932108,@JimZarroli Hey Jim. Looks like a Hermit Thrush. Still a bit early for Wood and they‚Äôre stockier and shorter tailed
1382374569869246466,LucianaDagosto,Wed Apr 14 16:45:55 +0000 2021,-73.8311875,40.6708795,@PresleyLewis17 Thank You is my second home üè°
1382374570250825730,SimplyMNicole,Wed Apr 14 16:45:55 +0000 2021,-89.92202900000001,35.1335205,I remember a protest where the black men stood BEHIND the black women. Wildest shit ever
1382374571240689664,tannercheyenne_,Wed Apr 14 16:45:55 +0000 2021,-96.7617535,32.819858499999995,Just Spent $150 On A 3D Ultrasound üò≠
1382374571731390465,MariusSose,Wed Apr 14 16:45:55 +0000 2021,-117.237575,32.803001,ü§∑üèæ‚Äç‚ôÇÔ∏èü§£ü§£ü§£ü§£ No respect for Dustin!  @dustinpoirier üëÄ!  Also could be taking advantage of all the Mcnuthuggers.   #ufc‚Ä¶ https://t.co/RMCRiULY6B
1382374572255678467,iAm_KJayy,Wed Apr 14 16:45:55 +0000 2021,-122.5266845,37.940012499999995,healing isn‚Äôt a one time thing.it‚Äôs constant.
1382374573283414018,Coach2J,Wed Apr 14 16:45:56 +0000 2021,-78.487448,38.0400365,#BigMenLeadü¶è‚öîÔ∏èü¶è
1382374573551800325,JustPeedi,Wed Apr 14 16:45:56 +0000 2021,-75.117998,40.0048655,@FashionSteph ü•∞ü§ûüèΩ
1382374574138871811,_JaySantanaa,Wed Apr 14 16:45:56 +0000 2021,-95.44648649999999,29.838495,@__luciennaa üòÇüòÇüòÇ
1382374574147432452,jeb0508,Wed Apr 14 16:45:56 +0000 2021,-80.72306,43.135954,@BananaBelleGirl @perreaux Especially not to the families of those affected.
1382374574772289536,WasatchPop,Wed Apr 14 16:45:56 +0000 2021,-112.01768849999999,41.1004905,Thoughts? ü§î https://t.co/u5ACJIsLcf
1382374575288299525,immmbop1,Wed Apr 14 16:45:56 +0000 2021,-81.532055,40.814828000000006,Dude!! Dr. David Fowler's ears man! https://t.co/m4RfjG9Wvl
1382374575283990532,kushibo,Wed Apr 14 16:45:56 +0000 2021,-157.799589,21.3199435,"@JoeySchmittPhD Please hear the link at the beginning. Those are the messages that need to go out, not what Nate Si‚Ä¶ https://t.co/QYlDjyM43q"
1382374576580009990,StaceySoriya,Wed Apr 14 16:45:56 +0000 2021,-96.7617535,32.819858499999995,Someone go to my apartment and stop my dog from tearing everything up.. ü•≤
1382374576957517827,badandytweets,Wed Apr 14 16:45:57 +0000 2021,-122.3306025,47.614817,@ZombaeKillz I can hear you ü§£
1382374577385435139,GlamaWayne,Wed Apr 14 16:45:57 +0000 2021,-79.2725695,43.629311,@marygonza24 üòé
1382374577720893442,EricProfits,Wed Apr 14 16:45:57 +0000 2021,-119.2289915,34.289689499999994,@MichLovesMoney That's kind of how I felt going into 2020. Nature aligned in a way that I didn't have to worry about it.
1382374577582571521,CSCMensGolf,Wed Apr 14 16:45:57 +0000 2021,-92.4367735,38.3045585,"Here is your chance to support the Wildcats! Shop the team store to support your school, your kids, or as a proud a‚Ä¶ https://t.co/BXVXLBI8wc"
1382374578895339521,Fleppette,Wed Apr 14 16:45:57 +0000 2021,-79.2725695,43.629311,@TheLawofWork I have had 2. The paperwork and photos were that I entered intersection after it turned red. Not sure if front or back wheels.
1382374580120023040,Mosquedaway,Wed Apr 14 16:45:57 +0000 2021,-121.9145285,37.715531,@IsaacRound This is what high school anywhere looks like... not Cali
1382374580845735937,Tank9trACE,Wed Apr 14 16:45:58 +0000 2021,-90.285145,38.840383,@IAmCinnamonSuga Money talks!
1382374580715720708,jeff_urstadt,Wed Apr 14 16:45:57 +0000 2021,-80.2948925,26.1566185,https://t.co/t9PXWLmFXR
1382374581256732672,dkstraus,Wed Apr 14 16:45:58 +0000 2021,-76.069946,36.8025415,@meg5han Ditto!
1382374582288531457,Robbie_Dowd24,Wed Apr 14 16:45:58 +0000 2021,-79.08959,33.842367499999995,We have to go to chili‚Äôs in adam‚Äôs honor
1382374581667762176,AnnLeslie02,Wed Apr 14 16:45:58 +0000 2021,-75.8001415,45.248791,"I am proudly wearing pink today and taking a stand against homophobia, transphobia and all forms of bullying.‚Ä¶ https://t.co/4c6f1ydCIu"
1382374582917738496,Aim4changesc,Wed Apr 14 16:45:58 +0000 2021,-79.78030799999999,34.182661499999995,@GamecockWBB @aa_boston @zia_cooke @dh3so3hd Congratulations!!!! May your success increase as your hard work continues ‚ù§Ô∏èGAMECOCKS RULE ‚òùüèΩüèÜüèÄ
1382374582666027011,WillBrentP56,Wed Apr 14 16:45:58 +0000 2021,-85.9785995,35.8305215,@FlorenceCarmela @jlrothstein1 @RealJamesQuinn @TheNolaGirl @star95011 Have A Fantastic Evening Florence And Fam üíõüíú‚Ä¶ https://t.co/mdPcZMsG3k
1382374583282520065,OvrlandAmericas,Wed Apr 14 16:45:58 +0000 2021,-122.30742699999999,47.792534,@colepfief @UpstateFlagLeag @Cardanians_io Lol! The most absurd argument I‚Äôve heard in my life! I had a great laugh though. Thank you. üòÇ
1382374583408410633,HSHToria,Wed Apr 14 16:45:58 +0000 2021,-83.099288,42.3527865,@yellodrea Ask @GhettoBasquiat. But I say no.
1382374584247226369,heatheranmariee,Wed Apr 14 16:45:58 +0000 2021,-118.19402550000001,33.938045,@itsmegama Our HS had a whole daycare üòÖ
1382374584364634116,AaronTrigg2,Wed Apr 14 16:45:58 +0000 2021,-80.849561,37.84097,"And to think, I remember when some fans &amp; talking heads jeered at the idea of the Browns signing Andrew Berry as GM‚Ä¶ https://t.co/ZR6h0uLLSw"
1382374584633200642,sanford943,Wed Apr 14 16:45:58 +0000 2021,-87.88322600000001,42.36878,@Buster_ESPN in 2019 113 or 4.6 percent of of 2429 games reached the 11th inning. 98 percent of all games ended in‚Ä¶ https://t.co/f1CL2b4DkH
1382374584750632961,DividedskyRBF,Wed Apr 14 16:45:58 +0000 2021,-83.1738665,32.6782075,Teddy tappin' the light on when he was interrogating that banker in his bedroom was butter smooth
1382374584704458758,johncecilprice,Wed Apr 14 16:45:58 +0000 2021,-75.117998,40.0048655,How does your school stack up?
1382374584700243970,kafuvalen,Wed Apr 14 16:45:58 +0000 2021,-74.030317,40.76662,Join Robinhood with my link and we'll both get free stock ü§ù https://t.co/g4alZspq4d
1382374585182650369,AaliyahSalome,Wed Apr 14 16:45:59 +0000 2021,-87.82412550000001,42.738642999999996,kaela gets her vaccine and acts like it‚Äôs a psychedelic
1382374585161682948,jorgyrodriguez,Wed Apr 14 16:45:59 +0000 2021,-75.117998,40.0048655,you can miss the bond.. but never forget the disrespect
1382374585987780612,GuneyeFlores,Wed Apr 14 16:45:59 +0000 2021,-111.99744100000001,40.6787035,@Terry2022 @oscarbebeto @TimbersFC @CDMarathon lo que dijo el entrenador de las selecciones nacionales no les qu√©do claro?
1382374585740431363,NYKaiserD,Wed Apr 14 16:45:59 +0000 2021,-75.41717349999999,41.0859315,@M4T30112L8N @KatarzynaZar https://t.co/lBaR5TMu7F
1382374586038243332,ChampsPennState,Wed Apr 14 16:45:59 +0000 2021,-77.8581095,40.7835375,üëèüëèüëè congrats @LamarStevens11
1382374587485196288,dreams_realtor,Wed Apr 14 16:45:59 +0000 2021,-82.4558,27.9473,"üòÇ ùôÅùôñùôòùô©ùô® üòÇ ‚Å£#ùôßùôöùôñùô°ùô©ùô§ùôßùôùùô™ùô¢ùô§ùôß‚Å£#ùô©ùôñùô¢ùô•ùôñùôßùôöùôñùô°ùô©ùô§ùôß‚Å£#ùôßùôöùô¢ùôñùô≠ùôßùôöùôñùô°ùô©ùô§ùôß‚Å£#ùô¨ùôöùôôùô£ùôöùô®ùôôùôñùôÆùô´ùôûùôóùôöùô®‚Å£#ùôßùôöùôñùô°ùô©ùô§ùôßùô°ùôûùôõùôö @ Tampa, Florida https://t.co/XV4luo1asf"
1382374587699236864,WICH1310,Wed Apr 14 16:45:59 +0000 2021,-72.757385,41.500753,Legionella detected in water samples at Rocky Hill nursing home https://t.co/BJ1ElYSHuj
1382374588278059011,AAugust1970,Wed Apr 14 16:45:59 +0000 2021,-71.0887125,42.3136695,@JudiciaryGOP Let‚Äôs get rid of the DUI guys!! Oh and increase mounted units!
1382374588454207496,BpopeTV,Wed Apr 14 16:45:59 +0000 2021,-87.732013,41.8335845,@jtduong BIG if true! üòÇ congratulations bro
1382374588600905730,bomblexi,Wed Apr 14 16:45:59 +0000 2021,-95.44648649999999,29.838495,"Why is Willow apart of the Red Table talk. All she does is sits there and nods ‚Äúohhhh, yessss, omgg, woooow‚Äù. Girl go home üòÇüòÇüòÇüòÇüò©"
1382374588995182594,CjWilson850,Wed Apr 14 16:45:59 +0000 2021,-83.804475,27.698681999999998,@TheOnenOnly_3 Lincoln. That‚Äôs the point tho. Putting out high clip with not that many ppl in town
1382374589431439365,joemccargo2,Wed Apr 14 16:46:00 +0000 2021,-76.624746,39.133363,@Drizzy_Butler @AjStayFinessin The walk on beat style üòÇ
1382374589796388866,CaptSamME,Wed Apr 14 16:46:00 +0000 2021,-77.157,44.1822,"Meanwhile, Baast still guards my naptimes üñ§#blackcatsofinstagram #blackcats #blackcatlove #blackcatsrule‚Ä¶ https://t.co/VzfeMUR7Lt"
1382374589997617155,chevyofboaz,Wed Apr 14 16:46:00 +0000 2021,-86.15130838,34.20284588,"Just posted a photo @ Chevrolet of Boaz, Inc. https://t.co/UTcFNzhhVm"
1382374590463102976,RashonDickason,Wed Apr 14 16:46:00 +0000 2021,-122.4359785,37.7706565,Damn 32 ladies made this man gay!
1382374592312963073,vcruz012,Wed Apr 14 16:46:00 +0000 2021,-95.44648649999999,29.838495,Renew your mind
1382374592619106317,tc1057,Wed Apr 14 16:46:00 +0000 2021,-82.6694675,40.365159500000004,@MissKelades That looks fantastic! üòä
1382374593592061954,travisatreo,Wed Apr 14 16:46:01 +0000 2021,-118.4119065,34.0207895,@amandatranrocks Yes!!!
1382374593667637252,stphntylr,Wed Apr 14 16:46:01 +0000 2021,-97.552161,35.4828435,"One silver lining is these shows are an extremely intimate experience. Small audience. Dinner, drinks, music. I thi‚Ä¶ https://t.co/b46yG5KyIp"
1382374594049318914,getsomepedro,Wed Apr 14 16:46:01 +0000 2021,-117.0093985,33.935967,Got bit by a wild hamster last night trying to catch him üòÇ
1382374594183565322,zezelic46,Wed Apr 14 16:46:01 +0000 2021,-73.0976515,40.927985500000005,https://t.co/bJXOJ9ojeI
1382374594527563778,fwritefull,Wed Apr 14 16:46:01 +0000 2021,-93.80943400000001,32.461107,@monnj6 @sheilayoung61 807
1382374596524015619,kikimorfin,Wed Apr 14 16:46:01 +0000 2021,-111.498181,28.9698625,"@michellebernall @danielgom_ez Si te est√°s pasando de viva amiga, pero te queremos"
1382374596792434692,Chachidagreat,Wed Apr 14 16:46:01 +0000 2021,-71.463968,41.768938,"I think what gets these ‚Äúevil whites‚Äù enraged is simple, how many will March for them? Protest? And show the level‚Ä¶ https://t.co/wC3F5wJpVW"
1382374597421588481,bestwithabeard,Wed Apr 14 16:46:01 +0000 2021,-87.9672925,43.0567225,@Tpot911 @TheRamsWire So you're judging? Ok.
1382374598201597958,tmj_utiljobs,Wed Apr 14 16:46:02 +0000 2021,-94.8613258,32.5279235,"Want to work in #WhiteOak, TX? View our latest opening: LINK CUSTOM HASHTAGS https://t.co/LKuKSP2EIQ #cintasjobs"
1382374599527178245,JoeyDLewis,Wed Apr 14 16:46:02 +0000 2021,-79.008801,43.101794,@_LaChele_ https://t.co/yAzXExDTua
1382374600202465281,Ricky4Assembly,Wed Apr 14 16:46:02 +0000 2021,-74.19652450000001,40.662479,Excited for you @Aissa4Assembly!!! It is time to bring bold progressive champions into the statehouse! The working‚Ä¶ https://t.co/BRXueSlVxL
1382374600437223424,DL_MORMON_THUG,Wed Apr 14 16:46:02 +0000 2021,-121.469664,38.561722,Naw this ain‚Äôt it.
1382374600928034826,HelicoptersofDC,Wed Apr 14 16:46:02 +0000 2021,-77.1395957,38.897714,.@jmizrack spotted an VH60N and has 228 points üî≠ #CopterSpotter Probable operators: Presidential fleet‚Ä¶ https://t.co/lauj9m94gB
1382374602182160390,AllKindsWeather,Wed Apr 14 16:46:03 +0000 2021,-74.2946025,40.846404,LOOOOOOOOOOOOOOOOOOL https://t.co/Y4LOaBxwb7
1382374602886811651,lexthemua_,Wed Apr 14 16:46:03 +0000 2021,-81.97270499999999,28.049601000000003,@__Jb22 Prime video or Amazon prime
1382374603260002305,MikeMcGrath,Wed Apr 14 16:46:03 +0000 2021,-123.81294299999999,46.1873455,one week after the j&amp;j shotam i experiencing shortness of breath as a side effect or am i in the worst cardio shape of my entire life?
1382374603406811140,Michael86482710,Wed Apr 14 16:46:03 +0000 2021,-89.338039,31.310637,I know sign have not used in years.‚Äù
1382374603822014467,nikkinarcos3,Wed Apr 14 16:46:03 +0000 2021,-117.22041300000001,33.8091385,"Niggas swear I‚Äôm just a pretty faced, fat assed freak.. I‚Äôm THAT plus I‚Äôm intelligent, I‚Äôm loyal af and I got so much heart ‚ù§Ô∏è"
1382374603759218688,FlowClark,Wed Apr 14 16:46:03 +0000 2021,-84.433106,33.7671945,I lowkey follow hella just to see what really be going on. This is why.
1382374603926933504,everylotboston,Wed Apr 14 16:46:03 +0000 2021,-71.0744822,42.3267349,"262 Eustis Street, Boston https://t.co/KaR2J32EUU"
1382374604379869186,Shimoji___,Wed Apr 14 16:46:03 +0000 2021,-90.011008,29.982601,"@meka2u21 It was the streamers taken down for copyright, not news station feeds"
1382374604937723904,MAAMIALE,Wed Apr 14 16:46:03 +0000 2021,-122.08577550000001,37.641270500000005,omg üò´üò´üò´üòÇ nooo
1382374605814304770,frivilousninja,Wed Apr 14 16:46:03 +0000 2021,-98.5406515,29.417501,"Man, if I only knew earlier the way to get blown up with notifications was to voice a left sided opinion on a conse‚Ä¶ https://t.co/5COXWSvi8O"
1382374606145748997,caash0,Wed Apr 14 16:46:04 +0000 2021,-83.7948735,31.515511,I wasn‚Äôt even drunk last night smh.
1382374606548439042,floridachaser75,Wed Apr 14 16:46:04 +0000 2021,-81.79754199999999,26.423084,"@BearclawX Damn, I wanna suck on that fat cock!!!"
1382374606581821444,KnockedProne,Wed Apr 14 16:46:04 +0000 2021,-111.54702900000001,39.499762000000004,@XPtoLevel3 @SpencerWorst_ @KingFirehammer Congratulations! üòÑ The side effects of the second one kicked me down for‚Ä¶ https://t.co/xw3jr4bgWp
1382374606795907079,youngfitti1,Wed Apr 14 16:46:04 +0000 2021,-83.1738665,32.6782075,All humans disappoint Even the Star-Ones
1382374607752204294,Kahrrlyon,Wed Apr 14 16:46:04 +0000 2021,-95.538134,30.337514,I‚Äôm the wrong person to be arguing with cause bitch imma argue with you all day
1382374609194995712,AVnishKatoch,Wed Apr 14 16:46:04 +0000 2021,-77.60468399999999,41.1179365,#CTSAMeeting 2021. what‚Äôs next after #COVID19 for #N3C. Success of this platform needs to be taken further. Much to‚Ä¶ https://t.co/L7oKju3lvG
1382374610520350723,Faquxnoir,Wed Apr 14 16:46:05 +0000 2021,-118.4119065,34.0207895,Tiktok said ‚Äúif she‚Äôs pretty af her dad is bald‚Äù and I see no fucking lie!!!!
1382374610608521224,liysogg,Wed Apr 14 16:46:05 +0000 2021,-75.117998,40.0048655,Ppl really be weird I had a friend like thisüò≠üò≠üòÇüò≠üò≠üò≠
1382374610935582723,jodirn60,Wed Apr 14 16:46:05 +0000 2021,-115.038337,36.006256,@bymorris @LasVegasLocally No.......masks will still be required and there is no date when it will be lifted
1382374611308859395,DebRobb2,Wed Apr 14 16:46:05 +0000 2021,-122.65866249999999,49.099138499999995,#WynonnaEarp #BringWynonnaHome
1382374611468349443,DanaMac488,Wed Apr 14 16:46:05 +0000 2021,-84.51578599999999,33.846765000000005,"‚ÄúI‚Äôm running because it‚Äôs time that all of the people of Georgia have a voice - not just the powerful.‚Äù My girl,‚Ä¶ https://t.co/nbhWwW6ygA"
1382374612529422341,bad_bundi,Wed Apr 14 16:46:05 +0000 2021,-122.3306025,47.614817,Today marks 3 months since I‚Äôve decided to get back to healthy living. Down 21 lbs üòÅ ya boiii was too thiccc. It‚Äôs‚Ä¶ https://t.co/hRCSw68Ctu
1382374613120868355,Buttuh,Wed Apr 14 16:46:05 +0000 2021,-75.117998,40.0048655,Shiiit
1382374613854863362,madg27ny1,Wed Apr 14 16:46:05 +0000 2021,-73.8311875,40.6708795,@view_raw Did you know that #AEWDark and #NWAPowerrr also come on Tuesdays?
1382374614030905348,smarty,Wed Apr 14 16:46:05 +0000 2021,-117.104989,32.810012,Here‚Äôs my take with the @Coinbase IPO ‚Äî I actually don‚Äôt think much matters here other than that the retail market‚Ä¶ https://t.co/9ffOnfNT8l
1382374614320484353,emjospick,Wed Apr 14 16:46:05 +0000 2021,-98.319925,38.498196,@MikeAsti11 @PatrickMahomes What's your quote???
1382374614446198787,samFitness6,Wed Apr 14 16:46:06 +0000 2021,-117.104989,32.810012,@itsALLrisky Yup and we definitely will help more people and make this world better
1382374614416904192,WATSOBR,Wed Apr 14 16:46:06 +0000 2021,-79.42086499999999,38.003375500000004,I‚Äôll take Young x Sweat üî•
1382374615448760320,minteaeevee,Wed Apr 14 16:46:06 +0000 2021,-83.1738665,32.6782075,@dreamnotfoundi1 @Baron36630278 @Minecraft Excuse you. How about you stfu you have no idea how complicated it is to‚Ä¶ https://t.co/a0KT1Fce3G
1382374615931052033,HylandBecca,Wed Apr 14 16:46:06 +0000 2021,-73.9685415,40.780709,"Wow, dis def me"
1382374616430215169,Angeleize_,Wed Apr 14 16:46:06 +0000 2021,-82.717093,28.248530000000002,I‚Äôm from florida and I still don‚Äôt do this ü•¥ it‚Äôs too damn hot
1382374616673361921,byedolobyedolo,Wed Apr 14 16:46:06 +0000 2021,-118.08102,33.78902,"@michaelouz @lotus__point Covering ur face, whispering a loud ""shhhhhit"" as you hear the authoritative clicking of a women's high heels"
1382374616358785028,BalintZKacsoh,Wed Apr 14 16:46:06 +0000 2021,-75.193316,39.947572,One of the leaf carrier of atta cephalotes striking a pose inside of a tulip üå∑ #ant #ants #antman #science‚Ä¶ https://t.co/oq3wDt3wxE
1382374616832741381,jaaguirre_g,Wed Apr 14 16:46:06 +0000 2021,-100.29359149999999,25.6417185,@TheCrazyHare El mejor üî• https://t.co/PNWstQVzAU
1382374617059266562,jklaren33,Wed Apr 14 16:46:06 +0000 2021,-93.3613205,46.441860500000004,@MNJackFlash
1382374617378127873,G_DonJuan,Wed Apr 14 16:46:06 +0000 2021,-84.433106,33.7671945,Lmao wtfüò≠
1382374617617203203,BroeerHolger,Wed Apr 14 16:46:06 +0000 2021,-118.2445,34.0564,"Hat gerade ein Foto gepostet @ Los Angeles, California https://t.co/pnA4PLjoFL"
1382374618384764933,derekevry,Wed Apr 14 16:46:06 +0000 2021,-77.4771055,39.0311595,"HEY @LeaderMcConnell, 81 million people voted to fundamentally change America into something it‚Äôs never been: Bet‚Ä¶ https://t.co/EgxW0qa5Tz"
1382374619831795712,MauricioSwift13,Wed Apr 14 16:46:07 +0000 2021,-87.732013,41.8335845,@davegoldhahn So true bestie
1382374619118673923,zedlaV559,Wed Apr 14 16:46:07 +0000 2021,-119.7824645,36.786041999999995,#HornyMMATwitter https://t.co/SlJCWVvjvJ
1382374619605209092,MyKeyTailor,Wed Apr 14 16:46:07 +0000 2021,-97.1356375,32.70185,"Ain‚Äôt heard this song in a while, but I think I fuck with it https://t.co/cg0VokFdvf"
1382374620700020738,B_Berlanga,Wed Apr 14 16:46:07 +0000 2021,-100.6071045,28.774769,https://t.co/nbNrunLTxt
1382374621190701060,gR33DYgENiUS,Wed Apr 14 16:46:07 +0000 2021,-86.290863,41.679655499999996,Think I‚Äôll stop playing and do this liquid diet.
1382374621299752961,CoachDanHunt,Wed Apr 14 16:46:07 +0000 2021,-75.5447585,42.8267985,He‚Äôs got football and upstate New York in his blood
1382374621413015554,GreenLightCards,Wed Apr 14 16:46:07 +0000 2021,-79.2725695,43.629311,@jabroni32308 Thanks Obi!! üëäüëè
1382374620393787400,BestOTBluegrass,Wed Apr 14 16:46:07 +0000 2021,-84.53672,38.05789,Moira Rose is our Feeders Supply Pet of the Day!She‚Äôs 1.5 years old and the sweet mother of four kittens. Moira R‚Ä¶ https://t.co/puhYUdnpXi
1382374622553866249,Cello5150,Wed Apr 14 16:46:07 +0000 2021,-76.62048200000001,39.284712999999996,2 &amp; right one Orleans in front of the main entrance
1382374622482550787,MsMarabell,Wed Apr 14 16:46:07 +0000 2021,-73.47540000000001,44.6891045,@Ali0103Ali #DerekChauvinTrial #GeorgeFloyd Tweet and RT peeps.
1382374622188945416,therelovemarket,Wed Apr 14 16:46:07 +0000 2021,-79.820465,43.381395999999995,RELOVE LIVE SESSIONSWe‚Äôre sitting down with Desiree of Just Desiree Bella to discuss the creative drive behind he‚Ä¶ https://t.co/2KWwnL7mq2
1382374622696501252,Aoxholm,Wed Apr 14 16:46:07 +0000 2021,-73.9685415,40.780709,"@denaegteemil √Öhh, jeg t√∏r n√¶sten ikke men nedenst√•ende er et par bud? Udlicitering af statslige og regionale opgav‚Ä¶ https://t.co/OAxgGTweCa"
1382374623992549380,calicoemw,Wed Apr 14 16:46:08 +0000 2021,-73.673595,40.795549,"I'm at Tiffany &amp; Co. - @tiffanyandco in Manhasset, NY https://t.co/PIsp2ftrRt"
1382374624910925824,scottiek65,Wed Apr 14 16:46:08 +0000 2021,-117.9248925,33.8893475,@EvanPetzold How long can Hinch leave .156 hitting Robbie Grossman in the lead off spot?
1382374625695305728,CynthiaDValles,Wed Apr 14 16:46:08 +0000 2021,-96.672767,33.112316500000006,@scottyandsimone Hello good looking
1382374626001506305,RETESHGUPTA650,Wed Apr 14 16:46:08 +0000 2021,-122.42311849999999,37.6587985,@_WSBG But part of Cali is ACTUALLY just like this ??????
1382374625737207812,HymesLA,Wed Apr 14 16:46:08 +0000 2021,-118.4119065,34.0207895,"Exactly how it should be done. Handle the words behind closed doors, it‚Äôs nobody else‚Äôs business. We have to bridge‚Ä¶ https://t.co/eaAEYiIV1N"
1382374626202816517,chrisfuglestad,Wed Apr 14 16:46:08 +0000 2021,-98.5406515,29.417501,"I don‚Äôt ‚Äúhate‚Äù many sports teams, per se. But the disdain for the Cubs runs deeper every year."
1382374626647539712,valcapone,Wed Apr 14 16:46:08 +0000 2021,-83.804475,27.698681999999998,@RighteousJesse @dragonsrejects *this.  üíúüôåüèªüéôÔ∏è
1382374626886627352,ChrisCapparell,Wed Apr 14 16:46:08 +0000 2021,-83.1738665,32.6782075,God is a symbol for happiness.
1382374626903289857,Trucylover2008,Wed Apr 14 16:46:08 +0000 2021,-109.84179,27.713652500000002,Dios bendiga los hack roms https://t.co/bAtKy9AUoi
1382374627398148096,KRZCNTRL,Wed Apr 14 16:46:09 +0000 2021,-117.60378299999999,34.0451585,i pay CLOSE attention and i won‚Äôt say nothing i just simply remove myself for a better gain ü•¥
1382374627675144196,brendalitttt,Wed Apr 14 16:46:09 +0000 2021,-95.44648649999999,29.838495,"I logged back in my google photos and godamn, I‚Äôve never felt so fucking lost ü§£"
1382374627989712900,MzBrownIz,Wed Apr 14 16:46:09 +0000 2021,-90.007789,34.942181500000004,Definitely send the food...ü•∞
1382374628698521609,mo2rock,Wed Apr 14 16:46:09 +0000 2021,-74.1089828,40.89980824,"I'm at BioReference Laboratories, Inc. in Elmwood Park, NJ https://t.co/0yLiJ0tupu"
1382374628962701314,Hawaiian_Mark,Wed Apr 14 16:46:09 +0000 2021,-157.799589,21.3199435,@educated_guest Sprinkles. Special love sprinkles
1382374629143105537,sgt_goose,Wed Apr 14 16:46:09 +0000 2021,-97.82337052,30.23265906,"I'm at @Walmart Supercenter in Austin, TX https://t.co/inyN4JV3Sv"
1382374629587697666,DanJMajkut,Wed Apr 14 16:46:09 +0000 2021,-73.9685415,40.780709,@titonka I am buying the shit out of this!
1382374629373849613,LocklandLocal,Wed Apr 14 16:46:09 +0000 2021,-84.455858,39.215124,"‚ö†Ô∏è EXPLICIT - I don‚Äôt retweet obscenity but this needs shared. Thinking about the community I love &amp; serve, I had t‚Ä¶ https://t.co/ft4rJxIYz0"
1382374629759590400,d_walters237,Wed Apr 14 16:46:09 +0000 2021,-97.552161,35.4828435,@TobyBerry6325 An ex gf had a gyno named Dr. Beaver
1382374629818343427,jimmyfloood,Wed Apr 14 16:46:09 +0000 2021,-100.0768885,31.1688935,@lias__ i think im in tears
1382374631043067904,juancarlosvy,Wed Apr 14 16:46:09 +0000 2021,-100.29359149999999,25.6417185,"Yo soy buen hombre, mas no bueno para ti."
1382374631009628164,BGHontwitch,Wed Apr 14 16:46:09 +0000 2021,-81.91991300000001,38.4459025,"Monarch, Mechanica, Visitor in Blackwood Grove, Surrealist Dinner Party, Buffalo!!!! They are all good!"
1382374631667994625,KUTVRon,Wed Apr 14 16:46:10 +0000 2021,-111.91702599999999,40.765805,"Wild morning! Powerful winds leave hundreds without power, close freeways to high-profile vehicles. #kutv2news https://t.co/oKdxNwpWxS"
1382374632796356617,itsDJHiKey,Wed Apr 14 16:46:10 +0000 2021,-84.433106,33.7671945,I didn‚Äôt get in to this DJ shit for competition. Idgaf who else on the roster. I‚Äôm there for the crowd and to maint‚Ä¶ https://t.co/3AJSkYJF7S
1382374633144340480,Qbdaproblem,Wed Apr 14 16:46:10 +0000 2021,-95.44648649999999,29.838495,Aye yooo lol
1382374633274417153,JaimeBranam76,Wed Apr 14 16:46:10 +0000 2021,-113.5777655,37.0855815,@Pres10Vance @AEW @AEWonTNT How about a sister 15 years older
1382374633605795842,rosayparks_,Wed Apr 14 16:46:10 +0000 2021,-118.4119065,34.0207895,I need to be more active
1382374634033606658,ManIloveChicken,Wed Apr 14 16:46:10 +0000 2021,-89.92202900000001,35.1335205,Have me going back over emails like ‚ÄúI know damn well I SAID....‚Äù
1382374633954021378,lms12311,Wed Apr 14 16:46:10 +0000 2021,-83.574671,41.65659049999999,I‚Äôm ashamed to be a citizen of a country where this happens.
1382374634079678467,LivingstoneVSB,Wed Apr 14 16:46:10 +0000 2021,-123.123581,49.257639,@CarrieFroese #innovation
1382374634352476161,BareZachow1,Wed Apr 14 16:46:10 +0000 2021,-89.0119955,42.6863985,@dansaunders104 Just giving ya shit. Shaka will do well in state.
1382374635132522497,JustB_407,Wed Apr 14 16:46:10 +0000 2021,-84.266174,30.476215500000002,@Asharp52 @SeminolePeej Peej is the OG at it Lol
1382374635124187137,00ItsJess,Wed Apr 14 16:46:10 +0000 2021,-78.853189,40.2970265,@mark_bako https://t.co/B7hwfhCVXI
1382374635157659649,AFKggLounge,Wed Apr 14 16:46:10 +0000 2021,-121.942755,37.286893,Happy Twenty Years of ANIMAL CROSSINGüíöüçÉ https://t.co/Ani1btn2lr
1382374635858132992,99Miami_,Wed Apr 14 16:46:11 +0000 2021,-118.601344,34.220202,@YUNGSCALES666 Yeah men.
1382374636483186689,Jeffersonhiker,Wed Apr 14 16:46:11 +0000 2021,-83.4838915,36.126251499999995,@UVAWomensTennis @ITA_Tennis The Cavaliers of Virginia
1382374637086986240,yungxhalloween,Wed Apr 14 16:46:11 +0000 2021,-95.91364200000001,36.1093915,For my birthday this year all I want is for @WTClockStrikes and @yungtrunkz_ to make a pop punk song together. Y'all got 6 months. üëÄü§∑üèª‚Äç‚ôÇÔ∏èüòñüéà
1382374636424421377,SurvivorTC_OSU,Wed Apr 14 16:46:11 +0000 2021,-83.012037,40.002145,Don‚Äôt miss out on one of the most unique campus experiences! Applications for Season Ten are LIVE until April 24t‚Ä¶ https://t.co/kkMog5ksiN
1382374637997277188,ericristow,Wed Apr 14 16:46:11 +0000 2021,-81.921456,41.490977,I‚Äôm so happy #browns got this done. Will be interesting to see how it plays out
1382374637489827840,everytract,Wed Apr 14 16:46:11 +0000 2021,-74.76136669,40.22670615,"Census Tract 16, Mercer County, New Jersey https://t.co/LilCssRRLy"
1382374638798270470,tmj_INL_schn,Wed Apr 14 16:46:11 +0000 2021,-86.8752869,40.4167022,"Nervous to apply for a job like ""Warehouse - Assembly"" at SRI? Apply even if you're not a 100% match. You might be‚Ä¶ https://t.co/B4TeiesLeI"
1382374638987177991,BigBlackDevin,Wed Apr 14 16:46:11 +0000 2021,-82.44269399999999,27.9965945,@jawshonthebeat Same!!!!
1382374639557439489,kaseyyyyy6,Wed Apr 14 16:46:12 +0000 2021,-91.01303899999999,30.358721,finna get up &amp; eat breakfast...
1382374639528120324,tmj_SLC_schn,Wed Apr 14 16:46:11 +0000 2021,-111.9880199,40.7434064,"Want to land a job like ""Mail Processor"" at ProLogistix? Applicant tracking systems look for specific keywords. Use‚Ä¶ https://t.co/plmOdVjGxA"
1382374640065126400,J_Simmons26,Wed Apr 14 16:46:12 +0000 2021,-81.29165950000001,29.017060999999998,You know business is good anytime you stressed out about how much shit you gotta do. I've been stressed the hell‚Ä¶ https://t.co/SHpWZj1FKX
1382374640367120391,Annnnnnaconda,Wed Apr 14 16:46:12 +0000 2021,-85.924871,42.9687165,@oliviaLbernard Ew yuck ü§¢ why do men
1382374640362790914,tmj_cob_edu,Wed Apr 14 16:46:12 +0000 2021,-104.9213643,39.7316982,"Want to work at Rose Medical Center? We're hiring in Denver, CO! Click the link in our bio for details on this job‚Ä¶ https://t.co/V0KbxS7VEm"
1382374640429989888,gangbangcity1,Wed Apr 14 16:46:12 +0000 2021,-87.732013,41.8335845,@Steff_Honey_ they‚Äôre assholes... ü§£
1382374640559935489,LynetteSonya,Wed Apr 14 16:46:12 +0000 2021,-104.92209349999999,39.713563,@DenBoomer1 Yes! https://t.co/7SFn0FEcKv
1382374641197469697,Jnastye,Wed Apr 14 16:46:12 +0000 2021,-120.987468,37.663817,DOGE TO THE MFFFFFFFF üåô https://t.co/XhZlJtdcn7
1382374642799628289,_DMS30,Wed Apr 14 16:46:12 +0000 2021,-100.0768885,31.1688935,I want one
1382374642925588480,Concernedecogal,Wed Apr 14 16:46:12 +0000 2021,-79.3287885,42.435966500000006,#botany #twitterbotany #botanygrant
1382374642619453443,hailsbizzle,Wed Apr 14 16:46:12 +0000 2021,-87.837198,41.747512,@justinbieber @bieberfever üíöüíöüíö https://t.co/pL3ODGmruW
1382374643345031173,BritttJanene,Wed Apr 14 16:46:12 +0000 2021,-84.433106,33.7671945,black women on vacation is my favorite category
1382374643487608832,kimmie_c_,Wed Apr 14 16:46:12 +0000 2021,-85.9785995,35.8305215,@verbastardy Nov 22 is my birthday so a present to myself!
1382374643412185092,Babyy_Zayy97,Wed Apr 14 16:46:12 +0000 2021,-96.7617535,32.819858499999995,Brooooo but fr thoüò≠ü•≤üòÖ
1382374643122724868,zoobiana,Wed Apr 14 16:46:12 +0000 2021,-73.9487755,40.655138,https://t.co/8g5htyea84
1382374644230062083,LILLIANGRANT11,Wed Apr 14 16:46:13 +0000 2021,-82.095304,33.526322,Ramadan Mubarak!
1382374645349900291,GabeWasylko,Wed Apr 14 16:46:13 +0000 2021,-81.705467,41.495939500000006,@Fieldkorn @VanHoAdam @DowntownCLE @TowerLightsCLE @CityofCleveland Thank you!
1382374645500903424,DEBORAH06909621,Wed Apr 14 16:46:13 +0000 2021,-71.463968,41.768938,@nytimes I believe Biden will provide vaccines as he requests Shut Down!! Can do both.
1382374645677002755,BenBobNelly,Wed Apr 14 16:46:13 +0000 2021,-96.7617535,32.819858499999995,@courtlanw @thatgirlKacy12 It would be very nice
1382374646188691460,mouthpiecekv,Wed Apr 14 16:46:13 +0000 2021,-122.630908,45.536402,@TreRoze Exactly What Happened to Kenny's Daughter
1382374647308578823,AdrianaPia,Wed Apr 14 16:46:13 +0000 2021,-86.6671845,33.4106785,PUP CUP HOORAY! üç¶üíñü¶¥ Pawty time at my favorite restaurant aka @sweetfrog @ sweetFrog Premium Frozen Yogurt https://t.co/Ew0bjrLRhf
1382374647832973314,sheisLa_,Wed Apr 14 16:46:13 +0000 2021,-76.41296349999999,39.3465755,I tried sugaring once and wouldn‚Äôt let her finish my left coochie lip. But I want to revisit
1382374647879057411,wnflee,Wed Apr 14 16:46:13 +0000 2021,-79.42086499999999,38.003375500000004,my time coming
1382374647904210947,b_hibbs,Wed Apr 14 16:46:13 +0000 2021,-86.5851,36.307425,You finally get the first one?
1382374648512274433,Anu_Sengupta,Wed Apr 14 16:46:14 +0000 2021,-118.5032585,34.415631,"@luaz_poet @sledgehammerlit @OlneyMagazine @CeaseCowsMag Congratulations, Kyla!!"
1382374648365654019,ThatRunnerJoe,Wed Apr 14 16:46:14 +0000 2021,-74.07,40.96,Enjoying the weather. #kfg #100milesorbust #itsultramarathontime #3000milestonowhere #kfgcorerunners‚Ä¶ https://t.co/cIuAfNInuH
1382374649103847429,Timmaaay_,Wed Apr 14 16:46:14 +0000 2021,-76.593943,24.074967,@BiggDoobs Yup
1382374649409978374,CoachPCong,Wed Apr 14 16:46:14 +0000 2021,-92.11898,37.7444385,Smh
1382374649560895488,DonaldTreeHive,Wed Apr 14 16:46:14 +0000 2021,-122.1426895,47.750040999999996,Fascinating read about China‚Äôs diplomacy in Asia.
1382374649963642880,dchiasso,Wed Apr 14 16:46:14 +0000 2021,-71.2786385,42.299398,@rikam99 Nice!!!
1382374650710085634,BHSGAthletics,Wed Apr 14 16:46:14 +0000 2021,-97.3028295,32.5209975,We are so proud of these athletes!
1382374651624624134,eyeheartgoat,Wed Apr 14 16:46:14 +0000 2021,-76.8095495,42.0923545,@DBtBAnth @JeremyWGR *turns on location* Can authenticate!
1382374652882812928,daninicolexoxo,Wed Apr 14 16:46:15 +0000 2021,-95.44648649999999,29.838495,I definitely need a girls dayüòì
1382374652857696258,__dionnaaa,Wed Apr 14 16:46:15 +0000 2021,-75.117998,40.0048655,üòÇüòÇüòÇ
1382374653063262216,TeeJ_0_o,Wed Apr 14 16:46:15 +0000 2021,-97.75137699999999,28.4099495,@Mad_Dog_Jones Beeper.
1382374653323251717,seborja_,Wed Apr 14 16:46:15 +0000 2021,-80.070926,26.800439,"@stay_d0pe You do bro, it‚Äôs crazy how alike y‚Äôall look."
1382374653407150080,J_Prance1,Wed Apr 14 16:46:15 +0000 2021,-79.85736349999999,36.090396999999996,@ShardiB2 @tradingview 420.69
1382374654715772930,Stallidon,Wed Apr 14 16:46:15 +0000 2021,-85.6411415,42.9564115,In Love with my ass.
1382374654765981700,rumorsboutique,Wed Apr 14 16:46:15 +0000 2021,-77.449,37.54962,Just posted a photo @ Rumors https://t.co/0OGzNqYCDG
1382374655059755015,LisaRam24004779,Wed Apr 14 16:46:15 +0000 2021,-84.433106,33.7671945,@weezmgk @SusanStJames3_ Republicans had black Congress members in the 1800s.
1382374654397014020,jjjacobs2500,Wed Apr 14 16:46:15 +0000 2021,-99.3176895,38.88195,New glasses came in about a week ago. These are the pics I hate the least. Someone call me ugly before I stop hatin‚Ä¶ https://t.co/2k6oBB2IqE
1382374656271908864,valeriedperry,Wed Apr 14 16:46:15 +0000 2021,-79.3683305,41.2023165,Gotta be @DryTortugasNPS for me. You?
1382374656661983234,nicocasanova_s,Wed Apr 14 16:46:16 +0000 2021,-80.2333285,25.7823535,@Papuchi51212506 @ELTIEMPO Hahahha la brujeria cubana
1382374657639079943,KlatuBaradaNiko,Wed Apr 14 16:46:16 +0000 2021,-122.923516,47.064528,"@BrianHarris33 I have experienced getting a #captcha on accounts where I haven't  been logged on for several days,‚Ä¶ https://t.co/36pcdtjojb"
1382374657697878016,hertz_brian,Wed Apr 14 16:46:16 +0000 2021,-75.117998,40.0048655,this list is so funny üòÇüòÇüòÇ NO CAUSE TAKE TORI OFF
1382374657869950983,shikdagreat,Wed Apr 14 16:46:16 +0000 2021,-82.44269399999999,27.9965945,It‚Äôs definitely on!!!
1382374658733916166,AltheaPash,Wed Apr 14 16:46:16 +0000 2021,-75.75609850000001,39.67909349999999,My sneakers came yesterday I did all dat and prolly won‚Äôt wear them no time soon
1382374659740475393,Angelo_W23,Wed Apr 14 16:46:16 +0000 2021,-104.787092,41.1352835,ÂñùÈÖíÁúüÊòØÊúÄËÉΩËÆ©‰∫∫ÊîæÊùæÂøÉÊÉÖÁöÑ‰∫ãÊÉÖüçª https://t.co/mf4Y2VeFZT
1382374660919136264,PawlingShirley,Wed Apr 14 16:46:17 +0000 2021,-77.60468399999999,41.1179365,@syndrome22q1 @Amy_Siskind @funder @KurtSchlichter @FaZeRug @itskrisstar @TheEllenShow @davidmweissman‚Ä¶ https://t.co/7Q5scaStzP
1382374662248751106,browns2211,Wed Apr 14 16:46:17 +0000 2021,-82.914538,40.148988,"Super Bowl, Super Browns!! üí™üèΩ"
1382374662752059393,MiSSDENEE,Wed Apr 14 16:46:17 +0000 2021,-86.791549,36.200008,You said what you said. Don‚Äôt try to change it now!
1382374662798204928,ucfjav,Wed Apr 14 16:46:17 +0000 2021,-80.334528,25.7476345,I DON‚ÄôT WANT THIS. I NEED THIS!
1382374664182370305,slothbrainz,Wed Apr 14 16:46:17 +0000 2021,-73.7813055,40.934811499999995,All Hail Neil Cicierega
1382374664408854528,paperchasechris,Wed Apr 14 16:46:17 +0000 2021,-91.0907995,30.4591,What the hell is this thing
1382374665432092673,DarksideLeader,Wed Apr 14 16:46:18 +0000 2021,-96.7617535,32.819858499999995,#ExposeCNN
1382374665574776835,chixonastick69,Wed Apr 14 16:46:18 +0000 2021,-89.53377,34.35467,Damn addy is the best drug ever
1382374665960574976,Righteous_Lab,Wed Apr 14 16:46:18 +0000 2021,-112.12467649999999,33.5528625,@Comsat_Hat @TheyCallMeTomO1 I would agree with that assessment
1382374666250125314,DustyCollins31,Wed Apr 14 16:46:18 +0000 2021,-86.441236,39.766555499999996,@PrettySlimMont Cyanide and Happiness cartoon on Youtube. Check it out and be prepared to laugh your fat right off your body.
1382374665788723200,ThisisVoetry,Wed Apr 14 16:46:18 +0000 2021,-79.2725695,43.629311,The word of the day is: Handful#voetry#handful#wordoftheday#dessspence#blackwomen#wordporn#sketch#art https://t.co/yPiAFs4ZvH
1382374667575459843,AnaFinolG,Wed Apr 14 16:46:18 +0000 2021,-95.44648649999999,29.838495,@Luzduranz Dios pens√© que era la √∫nica üò≠ todav√≠a no entiendo que tanto gritamos
1382374667705409539,Reiderreiter77,Wed Apr 14 16:46:18 +0000 2021,-93.3613205,46.441860500000004,@FOXSoccer @MLS Reynoso #MNUFC
1382374667965538306,JadeEJF,Wed Apr 14 16:46:18 +0000 2021,-120.882482,47.273022,"I've seen people deconstruct and leave, and people de- and reconstruct. Maybe sanctification can be part of both pr‚Ä¶ https://t.co/4xAz1krXzv"
1382374669098057728,bolinthomas,Wed Apr 14 16:46:19 +0000 2021,-93.2620465,44.9706105,"Our culture toward this industry is so fucked up simply because of the myth that anyone can do this sort of thing,‚Ä¶ https://t.co/NumONf6XG4"
1382374669400076290,ozkardagrouch,Wed Apr 14 16:46:19 +0000 2021,-87.890164,41.974347,@Samanth14529253 üë†ü¶µüèΩ boner garage in my pants
1382374669739716610,jimmyfloood,Wed Apr 14 16:46:19 +0000 2021,-100.0768885,31.1688935,O M G
1382374670033432579,ryan_2929,Wed Apr 14 16:46:19 +0000 2021,-77.403441,39.003936499999995,I vow to not use Uber eats / door dash again.
1382374671329288199,MichelleYessica,Wed Apr 14 16:46:19 +0000 2021,-121.30042549999999,37.980826,guatafawk
1382374671815954440,annielicious14,Wed Apr 14 16:46:19 +0000 2021,-79.2725695,43.629311,"I need to run some errands this morning. To ensure I arrive alive, I won't take public transit (#OscarGrant). I rem‚Ä¶ https://t.co/VlqWliAhl9"
1382374671530725380,MmuratKara34,Wed Apr 14 16:46:19 +0000 2021,-80.546916,43.4821515,@alicanuludag Bombossssss FISSSSSSSS MUHALEFET https://t.co/zyrMhhHlqz
1382374672000499712,Mina_Smith,Wed Apr 14 16:46:19 +0000 2021,-83.804475,27.698681999999998,Biz biliyoruz da.. nezaketen soruyoruz: #128MilyonDolarNerede
1382374672709398532,annielicious14,Wed Apr 14 16:46:19 +0000 2021,-79.2725695,43.629311,"I will be careful to follow all traffic rules (#PhilandoCastille), signal every turn (#SandraBland), keep the radio‚Ä¶ https://t.co/zCJLoXHk9L"
1382374672285671424,summertimecoolj,Wed Apr 14 16:46:19 +0000 2021,-123.1224015,44.065621,CRUSHING IT IN THE AM ü•µüî•üíØ @hinojosa_alyssa https://t.co/2w0TPNNr8c
1382374673665642498,Twisted_Jeff,Wed Apr 14 16:46:20 +0000 2021,-94.5592815,39.1000485,@IsmaelMassoud Welcome to the #Family!  #EMAW
1382374674034741250,DaisyPagan4,Wed Apr 14 16:46:20 +0000 2021,-83.804475,27.698681999999998,"Bitcoin price¬†Apr,2018 ‚âà $8000Apr,2019 ‚âà $5000Apr,2020 ‚âà $7000Apr,2021 ‚âà $60000¬†&gt;700% growth in three years, just saying"
1382374674072530945,annielicious14,Wed Apr 14 16:46:20 +0000 2021,-79.2725695,43.629311,"so I just hope the car won't break down (#CoreyJones). When you run errands today, be sure not to dance (‚Ä¶ https://t.co/9KuWaXkXYb"
1382374674676420609,N0tori0us_VIC,Wed Apr 14 16:46:20 +0000 2021,-121.979527,37.5236445,A setback is a set up for a comeback
1382374675427254276,annielicious14,Wed Apr 14 16:46:20 +0000 2021,-79.2725695,43.629311,"Once home, don‚Äôt stand in your backyard (#StephonClark), eat ice cream on the couch (#BothamJean), or play any vide‚Ä¶ https://t.co/2BlMNS2jrn"
1382374675918028802,mrcleankickz,Wed Apr 14 16:46:20 +0000 2021,-90.011008,29.982601,@ZimZillaV1 And season 4 part II is trash
1382374676496797698,Brendan_musser,Wed Apr 14 16:46:20 +0000 2021,-96.29164850000001,30.585471499999997,*every year
1382374676786139136,DitMusic,Wed Apr 14 16:46:20 +0000 2021,-122.2286855,37.791994,@RobinRoberts @colton @GMA ‚ù§Ô∏è
1382374676660424704,richardcuff,Wed Apr 14 16:46:20 +0000 2021,-83.804475,27.698681999999998,"At 1:13 into the video, ask yourself, why did the cop stop the arrest to put the handcuffs behind his back like som‚Ä¶ https://t.co/NS1K9uyd23"
1382374677365002244,annielicious14,Wed Apr 14 16:46:21 +0000 2021,-79.2725695,43.629311,or on a jog (#AhmaudArbery). I won't even walk to see the birds (#ChristianCooper). I‚Äôll just sit and remember what‚Ä¶ https://t.co/eIPoX2a95s
1382374677671206913,Elenam2014Me,Wed Apr 14 16:46:21 +0000 2021,-74.19652450000001,40.662479,"Ya es Tiempo que la ONPE y JNE revise a su Personal  de que procedencia Politica son , El Periodismo deberia invest‚Ä¶ https://t.co/Xv441m8jS7"
1382374678166052866,DylCat93,Wed Apr 14 16:46:21 +0000 2021,-122.923516,47.064528,Hi I move in three days and haven‚Äôt started packing. It‚Äôs fine.
1382374678912659459,arbetter,Wed Apr 14 16:46:21 +0000 2021,-71.812438,42.275760000000005,Screaming https://t.co/pCw0qIuB3i
1382374679558586369,Kyngfit_,Wed Apr 14 16:46:21 +0000 2021,-97.9351915,29.8956065,https://t.co/mo8wBpyRvX
