user_id, user_name, screen_name, status_id, created_at, time_integer, reply_num, retweet_num, favorite_num, content 
62734535, takumiohno, Takumi Ohno@Seattleüá∫üá∏üå≤, 1221928216572522496, 2:49 PM - 27 Jan 2020Ôºå 1580165363000Ôºå Ôºå Ôºå Ôºå „Ç¢„Éó„É™„ÇÇ„ÅÇ„Çä„Åæ„Åô„Å≠ÔºÅ„ÅÜ„Å°„ÅØ„Ç™„É≥„É©„Ç§„É≥„ÅÆÁÆóÊï∞„Éó„É≠„Ç∞„É©„É†„Åß„ÅÆÂÆøÈ°å„ÇÇ„ÅÇ„Çä„Åæ„Åó„Åü„ÄÇ 
110523661, KUTheatre, KU Theatre, 1221928197605949440, 2:49 PM - 27 Jan 2020Ôºå 1580165359000Ôºå Ôºå Ôºå Ôºå KU Theatre Retweeted Rick Hellman 
1153796210236350464, EdwinaMartinAr1, Edwina Martin-Arnold, 1221928180090454016, 2:49 PM - 27 Jan 2020Ôºå 1580165355000Ôºå Ôºå Ôºå Ôºå #romancewritersofamerica#bookstagram#romancewriter#romanceauthor#blackromance #seattle #tunesbyro #nwmagic #romanticsuspense #contemporaryromancehttps://www.facebook.com/182753051762576/posts/2700715769966279/?d=n¬†‚Ä¶ 
3327139819, ira_jax, Jax Ira, 1221928172674932736, 2:49 PM - 27 Jan 2020Ôºå 1580165353000Ôºå Ôºå Ôºå Ôºå That's not true tho. He played great on the road in Seattle against one of the best D's of all time. But only threw 3 times before the final drive in 2nd half. Had them driving against ATL before a FB fumble. And I'll give you the SF game. But 2 of those 3 he played well. 
2364811748, KassieAudrey, Kassandraüåª, 1221928161509666816, 2:49 PM - 27 Jan 2020Ôºå 1580165350000Ôºå Ôºå Ôºå Ôºå I can‚Äôt wait for Seattle this weekend!! 
37997835, seattle911, Seattle 911, 1221928132032073729, 2:49 PM - 27 Jan 2020Ôºå 1580165343000Ôºå Ôºå Ôºå Ôºå Aid Response @ 820 Yesler Way (E6) 
179752678, ViniloSabroso, Agustino, 1221928129939329027, 2:49 PM - 27 Jan 2020Ôºå 1580165343000Ôºå Ôºå Ôºå Ôºå Boludo, en Seattle te entrega el faso un drone y ac√° uno tiene que hacer malabares para conseguir un pedazo de paragua meado por los mismos milicos que despu√©s te secuestran la marimba y te encarcelan por posesi√≥n. La concha de su madre! LEGALIZE IT! 
3988428734, SinisterVisuals, Mike üé• films üéû in Seattle, 1221928108200095744, 2:48 PM - 27 Jan 2020Ôºå 1580165337000Ôºå Ôºå Ôºå Ôºå Mike ¬†üé• films ¬†üéû in Seattle Retweeted Spek 
558176786, LarsHano, Lars Hanon, 1221928099505295362, 2:48 PM - 27 Jan 2020Ôºå 1580165335000Ôºå Ôºå Ôºå Ôºå Biden to seek new York's guidance on the next debate and whether it should be held in Seattle as planned and yet we are Keynesians sooner or later as Bach at the GSB. 
389151339, GravityPike, Gravity Pike, 1221928026243338241, 2:48 PM - 27 Jan 2020Ôºå 1580165318000Ôºå Ôºå Ôºå Ôºå You can totally get away with it in the northwest, but I guess that's maybe because no one who lives here was born here. (7/10 adults living in Seattle were born outside of Washington state.) 
2834685708, Slyfiv, Tennin Five, 1221928014771933184, 2:48 PM - 27 Jan 2020Ôºå 1580165315000Ôºå 1Ôºå Ôºå Ôºå Went to the Seattle Aquarium and made lots of tiny new friends pic.twitter.com/g2RBenyaYs 
216243733, IMLX_in_Seattle, IMLX, 1221928002939834369, 2:48 PM - 27 Jan 2020Ôºå 1580165312000Ôºå Ôºå Ôºå Ôºå Ooh comedy?? You might already have heard about @MsJamieFoster 's Porn Mom podcast where she talks about both her standup and porn work but if not, def check it outhttps://open.spotify.com/show/3CVaCtQW9IFv1O5p51ichg?si=CFY-FwFYQq-0DEhyxB75ag&nd=1¬†‚Ä¶ 
23958713, Corrrine, Corrine Graves üé∂‚ôä, 1221927925743636481, 2:48 PM - 27 Jan 2020Ôºå 1580165294000Ôºå Ôºå Ôºå Ôºå Yeah i know that isn't a huge achievement to some but for me it was huge...And some people there were shocked I did this .. I actually enjoyed it! The area just southwest of Seattle I drove to took me 90 mins ..I finally met a long time online friend of 18 yrs and it was awesome! 
31460348, GottaChangeIt, Organic Seattle, 1221927879522435074, 2:48 PM - 27 Jan 2020Ôºå 1580165283000Ôºå Ôºå Ôºå Ôºå Organic Seattle Retweeted Health Physics P/L 
248936209, 88SEATTLE61, DAWG, 1221927877488168961, 2:48 PM - 27 Jan 2020Ôºå 1580165282000Ôºå Ôºå 1Ôºå Ôºå pic.twitter.com/MkZw5m8w2O 
2396502139, SeaFDIncidents, Seattle FD Incidents, 1221927876200738825, 2:48 PM - 27 Jan 2020Ôºå 1580165282000Ôºå Ôºå Ôºå Ôºå Aid Response - 1600 E Jefferson St - A2 - 2:45 
161383633, SPLBuzz, Seattle Library, 1221927872002215936, 2:48 PM - 27 Jan 2020Ôºå 1580165281000Ôºå Ôºå 2Ôºå 2Ôºå "Visiting the library remains the most common cultural activity Americans engage in, by far. The average 10.5 trips to the library U.S. adults report taking in 2019 exceeds their participation in eight other common leisure activities."https://news.gallup.com/poll/284009/library-visits-outpaced-trips-movies-2019.aspx¬†‚Ä¶ 
3225226330, Positive_Course, Positive Life Course üá∫üá∏ üåä, 1221927815169351683, 2:47 PM - 27 Jan 2020Ôºå 1580165268000Ôºå 1Ôºå Ôºå 1Ôºå My son works in Seattle and can barely afford an apartment on his $200k a year salary. 
24313541, tmj_sea_mgmt, Seattle Mgmt. Jobs, 1221927755958243328, 2:47 PM - 27 Jan 2020Ôºå 1580165253000Ôºå Ôºå Ôºå Ôºå Don't submit then quit. Apply for jobs like "Senior Experience Management Scientist" at Qualtrics, then look for people you might know at the company. You might be able to reach out to HR directly. Ready to apply? Check out the link in our bio. #BusinessMgmt #Seattle, WA 
2751764904, oneirolich, worm, 1221927748660121600, 2:47 PM - 27 Jan 2020Ôºå 1580165252000Ôºå Ôºå Ôºå 1Ôºå the game info is like "descend into seattle's dark heart" that's south lake union 
248936209, 88SEATTLE61, DAWG, 1221927741097857025, 2:47 PM - 27 Jan 2020Ôºå 1580165250000Ôºå Ôºå 1Ôºå Ôºå pic.twitter.com/AGpnqBCWZ3 
416671240, jfhil, John, 1221927716045242368, 2:47 PM - 27 Jan 2020Ôºå 1580165244000Ôºå Ôºå Ôºå Ôºå I understand. Your in the Seattle area right ? 
23255685, tmj_sea_acct, TMJ-SEA Acct. Jobs, 1221927703231643649, 2:47 PM - 27 Jan 2020Ôºå 1580165241000Ôºå Ôºå Ôºå Ôºå If jobs with titles like "Jr. Accountant" sound appealing to you, follow us to hear about these types of opportunities in #Seattle, WA. #Accounting 
747744367, SeattlePDO3, SeattlePD Ocean3, 1221927697418317825, 2:47 PM - 27 Jan 2020Ôºå 1580165240000Ôºå Ôºå Ôºå Ôºå Beat:O3, AUTO THEFT at 7XX BLOCK OF S ORCAS ST reported on 1/27/2020 2:33 PM, Call# 20000032322 
747744367, SeattlePDO3, SeattlePD Ocean3, 1221927696235520001, 2:47 PM - 27 Jan 2020Ôºå 1580165239000Ôºå Ôºå Ôºå Ôºå Beat:O3, FORGERY, BAD CHECKS at 70XX BLOCK OF E MARGINAL WY S reported on 1/27/2020 2:32 PM, Call# 20000032757 
747575167, SeattlePDO1, SeattlePD Ocean1, 1221927695371526144, 2:47 PM - 27 Jan 2020Ôºå 1580165239000Ôºå Ôºå Ôºå Ôºå Beat:O1, TRAFFIC (MOVING) VIOLATION at 19XX BLOCK OF 4 AV S reported on 1/27/2020 2:30 PM, Call# 20000032842 
2720259422, Seattle_Diners, Dining Enthusiasts, 1221927695245770753, 2:47 PM - 27 Jan 2020Ôºå 1580165239000Ôºå Ôºå Ôºå Ôºå USDA fails 2ban neonics and 37Million #bees drop dead after #GMO corn fields were treated with #neonicotinoid pesticide:  http://seattleorganicrestaurants.com/vegan-whole-food/neonicotinoids-pesticides-colony-collapse-of-honeybees-suppressing-immune-system.php¬†‚Ä¶ 
747575167, SeattlePDO1, SeattlePD Ocean1, 1221927694507503617, 2:47 PM - 27 Jan 2020Ôºå 1580165239000Ôºå Ôºå Ôºå Ôºå Beat:O1, MISCHIEF, NUISANCE COMPLAINTS at 8XX BLOCK OF S LANDER ST reported on 1/27/2020 2:29 PM, Call# 20000032867 
2720259422, Seattle_Diners, Dining Enthusiasts, 1221927693144526848, 2:47 PM - 27 Jan 2020Ôºå 1580165239000Ôºå Ôºå Ôºå Ôºå Valerian #Tea can help neurological disorder, gastrointestinal issues, #ADHD, seizures n insomnia:  http://seattleorganicrestaurants.com/vegan-whole-food/herbal-teas-health-benefits.php¬†‚Ä¶ 
747769400, SeattlePDS2, SeattlePD Sam2, 1221927693119381505, 2:47 PM - 27 Jan 2020Ôºå 1580165239000Ôºå Ôºå Ôºå Ôºå Beat:S2, MOTOR VEHICLE COLLISION at 79XX BLOCK OF RAINIER AV S reported on 1/27/2020 2:27 PM, Call# 20000032609 
2720259422, Seattle_Diners, Dining Enthusiasts, 1221927689931710464, 2:47 PM - 27 Jan 2020Ôºå 1580165238000Ôºå Ôºå Ôºå Ôºå #GMOs are meant to feed #Monsantos CEO and its shareholders not the hungry people in the world:  http://seattleorganicrestaurants.com/vegan-whole-food/Monsantos-CEO-calls-GMO-activists-elitist.php¬†‚Ä¶ 
4879074545, propandkerosene, Chris Lee, 1221927686156644352, 2:47 PM - 27 Jan 2020Ôºå 1580165237000Ôºå Ôºå Ôºå Ôºå Nothing about the logo screams Seattle, and the lower element of the A can be interpreted as an unhappy face, maybe a folded-over raindrop - neither of which evoke positive feelings... 
1221081578404626433, HeryfordNoah, Noah Heryford, 1221927678799839232, 2:47 PM - 27 Jan 2020Ôºå 1580165235000Ôºå Ôºå Ôºå Ôºå Had an amazing flight the other day from Fresno to Seattle, I loved the airport and I saw a couple of other planes land. The airport has a beautiful terminal and in my opinion one of the cleanest airports I‚Äôve been in thank you so much and keep on growing Fresno pic.twitter.com/Fm696zkZiK 
888049764, eudaimoniass, Softcastle McCormick, 1221927672080556032, 2:47 PM - 27 Jan 2020Ôºå 1580165233000Ôºå Ôºå Ôºå Ôºå my favorite thing about the Seattle music scene so far is that a traveling band and a local artist both played songs about murdering J*ff B*zos at the gig last night 
37997835, seattle911, Seattle 911, 1221927621291696129, 2:47 PM - 27 Jan 2020Ôºå 1580165221000Ôºå Ôºå Ôºå Ôºå Aid Response @ 1600 E Jefferson St (L3) 
2751764904, oneirolich, worm, 1221927608033505280, 2:46 PM - 27 Jan 2020Ôºå 1580165218000Ôºå Ôºå Ôºå 2Ôºå OH WOW vtm:b 2 is going to be set in seattle.... get out of my microwave! what are you following me for 
74171770, Billycork234, BillyCorcoran1975, 1221927599510904832, 2:46 PM - 27 Jan 2020Ôºå 1580165216000Ôºå Ôºå Ôºå Ôºå 29 since they got on MTV and hit the airwaves in 1991 after 10 dropped.  Unless you lived in Seattle and were hanging at The Off Ramp then it would be 30. Saw them 9/1996 at Randalls Island my first ever show after the Ticketmaster debacle which now mean nothing. 
210991053, BrandonMacz, Brandon Macz, 1221927598176890881, 2:46 PM - 27 Jan 2020Ôºå 1580165216000Ôºå 1Ôºå Ôºå 1Ôºå Seattle Humane. pic.twitter.com/ysyJGzPgiE 
248936209, 88SEATTLE61, DAWG, 1221927597837152256, 2:46 PM - 27 Jan 2020Ôºå 1580165216000Ôºå Ôºå 1Ôºå Ôºå pic.twitter.com/d8TexkyUNu 
155633376, airmarietta, Marietta Landon, 1221927593491890181, 2:46 PM - 27 Jan 2020Ôºå 1580165215000Ôºå Ôºå Ôºå 1Ôºå My old house is on the right above Mercer Island!  I miss Lake Washington (but not the rain).  #Seattle 
86572499, MarianoPlanells, Mariano Planells, 1221927586969812992, 2:46 PM - 27 Jan 2020Ôºå 1580165213000Ôºå Ôºå Ôºå Ôºå No es este el √∫nico problema sangrante de Seattle https://actualidad.rt.com/actualidad/190364-declaran-estado-emergencia-pobreza-seattle-eeuu¬†‚Ä¶Hay muchos videos: Seattle is dying https://www.youtube.com/watch?v=bpAi70WWBlw¬†‚Ä¶ 
3272115764, tyreyuan, Ty‚Å∑, 1221927586961317888, 2:46 PM - 27 Jan 2020Ôºå 1580165213000Ôºå Ôºå Ôºå Ôºå Can you ask them they‚Äôre coming to Seattle? 
866442796823195649, erikhalvorsen18, Erik Halvorsen, 1221927568372305921, 2:46 PM - 27 Jan 2020Ôºå 1580165209000Ôºå Ôºå Ôºå Ôºå Those are cool! 
131988806, arctechinc, James Locke, 1221927550898716673, 2:46 PM - 27 Jan 2020Ôºå 1580165205000Ôºå Ôºå Ôºå 1Ôºå I've finished the border paperwork and process to import our Model 3 into the USA and made Burlington WA Supercharger. Going to charge here for 20 min or so to skip all the chargers in Seattle and make Centralia, WA next.ETA for Springfield, OR is showing 9pm so looks good. pic.twitter.com/Oe7HzRVZZW 
21228197, nikoli_, üëÅ‚Äçüó® NIKOLI, 1221927518925721600, 2:46 PM - 27 Jan 2020Ôºå 1580165197000Ôºå Ôºå Ôºå Ôºå **seattle process intensifies** 
1004457325321523200, DrewMartissa, Drew üí´, 1221927480618995714, 2:46 PM - 27 Jan 2020Ôºå 1580165188000Ôºå Ôºå Ôºå Ôºå seattle drivers suck 
248936209, 88SEATTLE61, DAWG, 1221927451162365953, 2:46 PM - 27 Jan 2020Ôºå 1580165181000Ôºå Ôºå 1Ôºå Ôºå pic.twitter.com/VrW17tDvQh 
107936566, infin8x, Alex Mullans, 1221927419323375616, 2:46 PM - 27 Jan 2020Ôºå 1580165173000Ôºå Ôºå Ôºå Ôºå Old but still relevant. This is such a huge issue in Seattle (and nationwide) https://www.npr.org/sections/ed/2018/04/25/605092520/high-paying-trade-jobs-sit-empty-while-high-school-grads-line-up-for-university¬†‚Ä¶ 
4413422052, EMP_Steelehead, Brendan Spreder, 1221927400289628160, 2:46 PM - 27 Jan 2020Ôºå 1580165169000Ôºå 1Ôºå Ôºå 1Ôºå Probably Seattle. Haha. Also considered Dallas. 
106867317, Abi2012, Abilio Mayor Jimeno, 1221927282249433089, 2:45 PM - 27 Jan 2020Ôºå 1580165141000Ôºå Ôºå Ôºå Ôºå Carta del Jefe Seattle al presidente de USA_ESP by JAM https://youtu.be/goHG_-w_1r4¬† v√≠a @YouTube 
934923662733533184, OrangeVol1321, Orange_Vol1321, 1221927261860958208, 2:45 PM - 27 Jan 2020Ôºå 1580165136000Ôºå Ôºå Ôºå Ôºå Flights are landing every minute from Asia at San Fran, LA, Seattle, Chicago, NY, New Jersey, all over America etc. They need cancelled immediately!! 
376828612, SeattleOSE, Seattle OSE, 1221927221108961281, 2:45 PM - 27 Jan 2020Ôºå 1580165126000Ôºå Ôºå Ôºå Ôºå Seattle OSE Retweeted Seattle OSE 
1039027469519601665, fudanshi15, fudanshi, 1221927219234295809, 2:45 PM - 27 Jan 2020Ôºå 1580165126000Ôºå Ôºå Ôºå Ôºå fudanshi Retweeted ¬†‚ùå¬†üá∫üá∏Steve¬†üá∫üá∏¬†üá∫üá∏America First¬†üá∫üá∏¬†üáÆüáπMAGA¬†üá∫üá∏KAG 
1582077440, SeattleSoaker, M4A is Not Negotiable, 1221927156197969920, 2:45 PM - 27 Jan 2020Ôºå 1580165111000Ôºå Ôºå Ôºå Ôºå Don‚Äôt know. 
2239515894, LosMarineros, Marineros de Seattle, 1221927122203226116, 2:45 PM - 27 Jan 2020Ôºå 1580165102000Ôºå Ôºå Ôºå Ôºå ¬°Gracias a los mejores fan√°ticos!Nuestra gira comunitaria de @MarinersCare fue todo un √©xito junto a ustedes. ¬°Estamos ansiosos para volver a hacerlo el a√±o que viene! #LosMarineros | #TrueToTheBluepic.twitter.com/mDo8lKchnY 
1045411035757273088, XFLDragons, Seattle Dragons, 1221927110937337856, 2:45 PM - 27 Jan 2020Ôºå 1580165100000Ôºå 1Ôºå 1Ôºå 4Ôºå Waiting for the Interurban and getting ready to Bring the Fire. More: http://xfl.com/orangetowel¬†#ForTheLoveOfFootball | #BreathingFire pic.twitter.com/Goa2pgJ4Q5 
1046413942954893313, VrtuelleReality, ‚≠ï Ella üíôü§ñüíô ‚û°Ô∏è#ECCC2020‚û°Ô∏èFlorida Supercon‚¨ÖÔ∏è, 1221927062589583360, 2:44 PM - 27 Jan 2020Ôºå 1580165088000Ôºå 1Ôºå Ôºå Ôºå Ahhhh yeah I was considering going Sunday too but Saturday is sold out so I was going to spend Saturday sightseeing around Seattle and catch a flight back Sunday night but I'm still not sure about it. Friday is when I'm going. 
412834651, LBronsch, Levi Bronsch, 1221927039294328832, 2:44 PM - 27 Jan 2020Ôºå 1580165083000Ôºå 1Ôºå Ôºå Ôºå We going to seattle ? 
168937107, IanFurnessSea, Ian Furness, 1221927004628340737, 2:44 PM - 27 Jan 2020Ôºå 1580165074000Ôºå Ôºå 1Ôºå 3Ôºå Wow. Former Times writer Gary Dougherty, Seattle's unofficial sports historian emailed me AP story from Kobe's first game in Seattle. It was a battle of the top two teams in the Pacific Divsion. The date, 1/26/97 https://basketball-reference.com/boxscores/199701260SEA.html¬†‚Ä¶ 
2273840826, 3Dprint_Seattle, Mike üïπüëÄ‚í∂, 1221926918079090705, 2:44 PM - 27 Jan 2020Ôºå 1580165054000Ôºå Ôºå Ôºå Ôºå best3dprint: | #3dprint | Gaming Chairs That Sit Well With 3D Printing https://ift.tt/37A0iW6¬† http://www.best-3dprint.com¬† pic.twitter.com/Atkkvg6SuX https://tmblr.co/ZaMoZp2nQtC1L 
1326229476, TravvyP, Travis Mandich üá≠üá∑, 1221926907815645189, 2:44 PM - 27 Jan 2020Ôºå 1580165051000Ôºå 1Ôºå Ôºå Ôºå ASAP Rocky really headlining RL Miami so u tellin me I seen this dude in Seattle, Southern California, Brooklyn and now Miami?? and it all started in Chicago Lolla 2015 
1582077440, SeattleSoaker, M4A is Not Negotiable, 1221926901410746368, 2:44 PM - 27 Jan 2020Ôºå 1580165050000Ôºå Ôºå Ôºå Ôºå @MotherJones  Clara Jeffrey 
810143533738782721, brhovde, Hovde, 1221926891818381314, 2:44 PM - 27 Jan 2020Ôºå 1580165047000Ôºå Ôºå Ôºå Ôºå These liberal idiots who are elected by the citizens of Seattle have done zero to reduce crime in the down town corridor for the past 30 years. The Mayor should be Recalled for her inability to manage a city. Making it a sanctuary one and not allowing police to do their jobs. 
552126882, Sports2STEM, John Drazan, 1221926891633790976, 2:44 PM - 27 Jan 2020Ôºå 1580165047000Ôºå Ôºå Ôºå 1Ôºå Thank you!!!! I am really excited for Seattle! 
248936209, 88SEATTLE61, DAWG, 1221926846305984512, 2:43 PM - 27 Jan 2020Ôºå 1580165037000Ôºå Ôºå Ôºå Ôºå Pimp On A Treadmill: The TBS Series - CONAN on TBShttps://binged.it/2tLKdxV 
2409513548, Avaltor05, Coffee Owly ü¶âüè≥Ô∏è‚Äçüåà Open for Art Commissions!, 1221926844724740098, 2:43 PM - 27 Jan 2020Ôºå 1580165036000Ôºå Ôºå Ôºå 1Ôºå Seattle: I am in you. pic.twitter.com/o8YEJ437Mg 
725480409098674182, BoujieC_, dior~, 1221926837271629824, 2:43 PM - 27 Jan 2020Ôºå 1580165034000Ôºå Ôºå Ôºå Ôºå Famthis nigga said where you from blood ‚ÄúI‚Äôm from Seattle‚Äù ‚ÄúNah it‚Äôs Beattle!‚ÄùNIGGA WHAT !!!! 
1027409762, BSCSeattle, Business Service Center, Inc, 1221926825636421634, 2:43 PM - 27 Jan 2020Ôºå 1580165032000Ôºå Ôºå Ôºå Ôºå "Shared Office Space in Seattle" is a great article that shares the pros and cons of America's "love affair" with coworking spaces. A great read for anyone considering new office space, in Seattle and beyond. @BSCSeattle #Shared #sharedoffice #coworking #officespace #Seattle pic.twitter.com/gAkcfernBh 
369921623, SeattleNative57, Skip, 1221926821995761664, 2:43 PM - 27 Jan 2020Ôºå 1580165031000Ôºå Ôºå Ôºå Ôºå Mamba out!pic.twitter.com/n8mmc6SQzT 
23958713, Corrrine, Corrine Graves üé∂‚ôä, 1221926815280746496, 2:43 PM - 27 Jan 2020Ôºå 1580165029000Ôºå 1Ôºå Ôºå Ôºå Exactly ... i was suffering both mentally and physically and then I finally got very angry ... Since then I have realized not to hold things back . A few years ago i rented a car in Seattle I NEVER would have done that a few years before... i had to rent a car to see a friend... 
32309782, ronflatter, Ron Flatter, 1221926795567435777, 2:43 PM - 27 Jan 2020Ôºå 1580165025000Ôºå Ôºå Ôºå Ôºå Seattle‚Äôs KIRO-FM Debuts New Lineup On Wednesday. http://www.insideradio.com/free/seattle-s-kiro-fm-debuts-new-lineup-on-wednesday/article_99fae8d8-414f-11ea-92b8-f7f5535002e8.html?utm_medium=social&utm_source=twitter&utm_campaign=user-share¬†‚Ä¶ via @insideradio 
21677192, tmj_sea_banking, TMJ - SEA Bank Jobs, 1221926786650345474, 2:43 PM - 27 Jan 2020Ôºå 1580165022000Ôºå Ôºå Ôºå Ôºå See our latest #Seattle, WA #branchbanking job opportunity and click the link in our bio to apply: Client Relationship Consultant 1 NMLS (38 Hrs) - Magnolia - Seattle, WA at U.S. Bank 
1055585655366041602, BrendonEckrich, Brendon Eckrich, 1221926671420469248, 2:43 PM - 27 Jan 2020Ôºå 1580164995000Ôºå Ôºå Ôºå Ôºå Who does Seattle take with the pick they got from the bucs? 
1042843542, TopReadings, Top Readings, 1221926646674022403, 2:43 PM - 27 Jan 2020Ôºå 1580164989000Ôºå Ôºå Ôºå Ôºå Books & Stuff: Seattle Bookshop, Chat with the Witcher‚Äôs Creator and More http://bookshopblog.com/2020/01/27/books-stuff-seattle-bookshop-chat-with-the-witchers-creator-and-more/¬†‚Ä¶ 
1132897879490781184, escapeFlightSEA, Escape Flights - SEA/PDX, 1221926620493176834, 2:43 PM - 27 Jan 2020Ôºå 1580164983000Ôºå Ôºå 1Ôºå 1Ôºå Cheap Flights: Seattle to Singapore $560-$592 r/t - Delta / Korean Air / ANAhttps://escape.flights/?p=15012¬†#Airfare #Flights #Travel 
800498016809414656, blakerobert20, Robert J Blake, 1221926606219902976, 2:42 PM - 27 Jan 2020Ôºå 1580164979000Ôºå Ôºå Ôºå Ôºå Robert J Blake Retweeted Beryl Jastrow 
248936209, 88SEATTLE61, DAWG, 1221926596149272581, 2:42 PM - 27 Jan 2020Ôºå 1580164977000Ôºå Ôºå Ôºå Ôºå The Hypnotic Looping Pimp On A Treadmillhttps://binged.it/2NYDV4P 
59564975, miroslavristic, Miroslav Ristiƒá, 1221926588129800192, 2:42 PM - 27 Jan 2020Ôºå 1580164975000Ôºå 1Ôºå Ôºå Ôºå A ship that irrigates the ocean with itself.#Seattle pic.twitter.com/ALjkwBSM5o 
1124469830197714945, curmudgeon_x, GenXCurmudgeon, 1221926540398563328, 2:42 PM - 27 Jan 2020Ôºå 1580164964000Ôºå Ôºå Ôºå Ôºå GenXCurmudgeon Retweeted Erica C. Barnett 
18126477, HerseyChris, Chris Lanterman ÁéãÂΩ¶Âçö üáπüáºüá∫üá∏, 1221926539597496320, 2:42 PM - 27 Jan 2020Ôºå 1580164963000Ôºå Ôºå Ôºå Ôºå Seattle's been like this for a while except for checking for prior sexual misconduct:https://www.seattletimes.com/seattle-news/politics/seattle-expected-to-give-final-ok-to-protections-for-rental-applicants-with-criminal-records/¬†‚Ä¶Seattle also recently passed "First come First Serve" Law which means landlords have little say in who is a tenant, in order to "fight bias"https://www.seattletimes.com/seattle-news/politics/a-primer-on-seattles-new-first-come-first-served-renters-law/¬†‚Ä¶ 
1131946627, Seattle911Alert, Seattle 911 Alert, 1221926488770932739, 2:42 PM - 27 Jan 2020Ôºå 1580164951000Ôºå Ôºå Ôºå Ôºå Reported SCENES OF VIOLENCE AID at 14TH AVE NW AT NW 54TH ST 
1506019296, Talen_velarde33, Tabby Talen ‚ò¢Ô∏è, 1221926410916253696, 2:42 PM - 27 Jan 2020Ôºå 1580164933000Ôºå Ôºå 1Ôºå 2Ôºå Tabby Talen ¬†‚ò¢Ô∏è Retweeted MONXX 
2396502139, SeaFDIncidents, Seattle FD Incidents, 1221926368113569792, 2:42 PM - 27 Jan 2020Ôºå 1580164923000Ôºå Ôºå Ôºå Ôºå Auto Fire Alarm - 4629 21st Av Ne - E31 L9 - 2:39 
44149332, hfo_apt_brokers, HFO Investment Real Estate, 1221926361494765569, 2:42 PM - 27 Jan 2020Ôºå 1580164921000Ôºå Ôºå Ôºå Ôºå Seattle Council Votes Feb. 4th on Limiting Evictions in Winter Months http://dlvr.it/RNsYmr 
2495514163, ElizavetaSEA, sleeeeepi in seattle, 1221926338459652097, 2:41 PM - 27 Jan 2020Ôºå 1580164916000Ôºå Ôºå Ôºå Ôºå I‚Äôm gonna fucking puke 
450485437, yunhoqt, annaü•Ç ‚ô° superm seattle d-7, 1221926293786124288, 2:41 PM - 27 Jan 2020Ôºå 1580164905000Ôºå 1Ôºå Ôºå Ôºå it's so cute but i be worried bout blowing my nose with them healing 
29317877, patrickshmatrik, Seattle Marinelayers, 1221926291248574465, 2:41 PM - 27 Jan 2020Ôºå 1580164904000Ôºå Ôºå Ôºå Ôºå I am not. And you're really speaking for all parents huh? 54 percent took issue with it. That's not all parents. If I was a parent I'd have no problem with the content. Why should boys and girls be put in such boxes? Because the conservatives said so? 
4446656720, ScottVMeyers, Scott Meyers üß¢, 1221926290657173505, 2:41 PM - 27 Jan 2020Ôºå 1580164904000Ôºå Ôºå Ôºå Ôºå Eldridge sighting! 
883892798356959232, AMVFilm, AMV Filmmakers Assoc, 1221926290204299264, 2:41 PM - 27 Jan 2020Ôºå 1580164904000Ôºå Ôºå Ôºå 1Ôºå Anime Boston - Friday, April 10, 2020, 6-8 PM EDT (UTC -4) in the Fan Creations Room (Hynes 312)Sakura-Con - Tentatively the night of Friday, April 10, 2020, ?-? PM PDT (UTC -7)Anime Boston occurs in Boston, MA, USA, while Sakura-Con takes place in Seattle, WA, USA. (3/3) 
188185604, tmj_SEA_schn, Seattle S-Chain, 1221926275859636226, 2:41 PM - 27 Jan 2020Ôºå 1580164901000Ôºå Ôºå Ôºå Ôºå See our latest #Everett, WA job and click to apply: FT - RTM Clerk - Day - http://bit.ly/2Gv0mu6¬† #SupplyChain 
1149673604499460096, isitoverseattle, Is the ISS over Seattle?, 1221926209111711744, 2:41 PM - 27 Jan 2020Ôºå 1580164885000Ôºå Ôºå Ôºå Ôºå Get ready! The International Space Station is passing over Seattle January 27, 2020 at 02:44PM, for 366 seconds. 
1197257717271977984, bushsbakeddeans, grumpy in seattle, 1221926190073745408, 2:41 PM - 27 Jan 2020Ôºå 1580164880000Ôºå Ôºå Ôºå Ôºå it will :( 
17529963, WesleySchmidt, Wesley Schmidt, 1221926183501287426, 2:41 PM - 27 Jan 2020Ôºå 1580164879000Ôºå Ôºå Ôºå 1Ôºå 52 years ago today: Grateful Dead live at Eagle's Auditorium in Seattle, Washington - https://archive.org/details/gd68-01-27.sbd.jools.14736.sbeok.shnf¬†‚Ä¶pic.twitter.com/wxmkOQyAei 
16843404, GloriaSeattleWA, GloriaSEA ¬≥¬≥¬∫¬πüåéüåçüåèüåø, 1221926168070258688, 2:41 PM - 27 Jan 2020Ôºå 1580164875000Ôºå Ôºå Ôºå Ôºå Poof! 
1042993542946115584, TexToxic, Toxic Tex, 1221926142141222914, 2:41 PM - 27 Jan 2020Ôºå 1580164869000Ôºå Ôºå Ôºå Ôºå Brad when does Trump go to Seattle? pic.twitter.com/xEXHge9P7L 
1209203925242523648, ukiIledkenzie, in seattle, 1221926130531414017, 2:41 PM - 27 Jan 2020Ôºå 1580164866000Ôºå 1Ôºå Ôºå Ôºå perfect. i hope your whole life sux without me 
2785341678, Kokosz86, Julas, 1221926065070800896, 2:40 PM - 27 Jan 2020Ôºå 1580164850000Ôºå 2Ôºå Ôºå Ôºå Liczy≈Ç siƒô tylko Clyde Drexler!  I Hakim The Dream! I Stockton z Malonem. No i kurwa najlepszy duet Shawn Kemp z Garym Paytonem w Seattle! 
8248752, jseattle, jseattle, 1221926045743403011, 2:40 PM - 27 Jan 2020Ôºå 1580164846000Ôºå Ôºå Ôºå Ôºå "Closed for remodel" https://www.facebook.com/standardgoods/photos/pb.451122825079190.-2207520000../1393828437475286/?type=3&theater¬†‚Ä¶pic.twitter.com/J0sdrQNjGM 
281672994, SeattleTam, Tam Livz, 1221926008665726976, 2:40 PM - 27 Jan 2020Ôºå 1580164837000Ôºå Ôºå Ôºå 1Ôºå Like a...Medieval, sharp-ish kind of stick thing? 
1098675914789908480, SeattleEndzone, SEATTLE ENDZONE, 1221926007545876482, 2:40 PM - 27 Jan 2020Ôºå 1580164837000Ôºå Ôºå Ôºå Ôºå  
3322752229, emilychhen, em, 1221926003624247296, 2:40 PM - 27 Jan 2020Ôºå 1580164836000Ôºå Ôºå Ôºå 1Ôºå ok i wait for u in seattle ·É¶„Çù‚ó°‚ïπ)„Éé‚ô° 
112822152, SeaNeighborhood, Seattle Department of Neighborhoods, 1221925997076893697, 2:40 PM - 27 Jan 2020Ôºå 1580164834000Ôºå Ôºå 2Ôºå 1Ôºå Need funding to support preservation efforts? @4Culture  Preservation Special Project grants can fund neighborhood surveys, landmark nominations, building assessments, planning projects, educational workshops, advocacy efforts, and more. DETAILS: https://www.4culture.org/grants/preservation-projects/¬†‚Ä¶pic.twitter.com/lLciNFcmBN 
1197257717271977984, bushsbakeddeans, grumpy in seattle, 1221925987480412160, 2:40 PM - 27 Jan 2020Ôºå 1580164832000Ôºå 1Ôºå Ôºå Ôºå let‚Äôs breakup 
14501065, rosettastone, Rosetta Stone, 1221925983609151488, 2:40 PM - 27 Jan 2020Ôºå 1580164831000Ôºå Ôºå Ôºå Ôºå We've been filming new videos for you that are launching over the next two weeks: stay tuned! This photo was taken behind-the-scenes somewhere in Seattle... does anyone know where? pic.twitter.com/EsjKSgmlu8 
890630951100792832, Sniper64286433, üá∫üá∏SNIPERüá∫üá∏, 1221925951275069440, 2:40 PM - 27 Jan 2020Ôºå 1580164823000Ôºå 1Ôºå 4Ôºå 7Ôºå 100% of Seattle is not watching it right now because the media blacked it out. 
42259132, aurelio02, Aurelio Moreno, 1221925946506215424, 2:40 PM - 27 Jan 2020Ôºå 1580164822000Ôºå Ôºå Ôºå Ôºå El relevista boricua de los #Mets, Edwin D√≠az recurri√≥ a Pedro Mart√≠nez en busca de ayuda, informa #NYPost .D√≠az, con ERA de 5.59 y Robinson Cano fueron una gran decepci√≥n para tras llegar de Seattle. "Le enviaba un video y √©l (Pedro) me daba retroalimentaci√≥n", dijo D√≠az pic.twitter.com/HspxFX2znY 
110046040, Purewater71, Silent Heat, 1221925941842071552, 2:40 PM - 27 Jan 2020Ôºå 1580164821000Ôºå Ôºå Ôºå Ôºå Two mediocre prospects for an All-Star. Look at what Seattle got for Edwin Diaz for a comparison. Aming others a Top 10 prospect in all of baseball 
27051983, Bparker_Seattle, Bryan Parker, 1221925939157667840, 2:40 PM - 27 Jan 2020Ôºå 1580164820000Ôºå Ôºå Ôºå Ôºå Pretty much. 
722250210223767553, SeattleAvenger, Sam, 1221925935806586881, 2:40 PM - 27 Jan 2020Ôºå 1580164820000Ôºå Ôºå Ôºå Ôºå We‚Äôre all in this together, your love shines through and is what it‚Äôs all about 
849417718642159616, TheMarketsDaily, The Markets Daily, 1221925915594313729, 2:40 PM - 27 Jan 2020Ôºå 1580164815000Ôºå Ôºå Ôºå Ôºå Seattle Genetics $SGEN Research Coverage Started at BMO Capital Marketshttp://zpr.io/tyEKy 
1209203925242523648, ukiIledkenzie, in seattle, 1221925902248030211, 2:40 PM - 27 Jan 2020Ôºå 1580164812000Ôºå 1Ôºå Ôºå Ôºå i‚Äôve given up my friendship w ivy does anyone else wanna be my ex? dated for under 2 years. i need u for somg muse 
1220142526621016069, everylot_sea, every lot seattle, 1221925897680363522, 2:40 PM - 27 Jan 2020Ôºå 1580164810000Ôºå Ôºå Ôºå Ôºå 169 24TH AVEpic.twitter.com/yKKW6p6tqm 
312878829, cbreSeattleArea, CBRE | Seattle Area, 1221925875790360576, 2:40 PM - 27 Jan 2020Ôºå 1580164805000Ôºå Ôºå Ôºå Ôºå CBRE #1 real estate company on @FortuneMagazine's Most Admired List for second consecutive year #MostAdmiredCos http://bit.ly/36ktUW1?utm_source=twitter&utm_medium=cbreseattlearea&utm_term=e139a60d-f981-44b6-ac6c-dac83463056a¬†‚Ä¶pic.twitter.com/Qfkjg5cbTW 
1021169407748272128, TheTalentedMrJD, J.D. Williams, 1221925867401596928, 2:40 PM - 27 Jan 2020Ôºå 1580164803000Ôºå Ôºå Ôºå 1Ôºå When I get back to Seattle and the "Sun(?)" decides it hates being here. pic.twitter.com/rMnnNobd2O 
37997835, seattle911, Seattle 911, 1221925860283801600, 2:40 PM - 27 Jan 2020Ôºå 1580164802000Ôºå Ôºå Ôºå Ôºå Auto Fire Alarm @ 4629 21st Av Ne (E31 L9) 
1582077440, SeattleSoaker, M4A is Not Negotiable, 1221925854168530944, 2:40 PM - 27 Jan 2020Ôºå 1580164800000Ôºå 1Ôºå Ôºå 2Ôºå Mother Jones editor in chief, Clara Jeffrey, just got herself suspended from Twitter. 
134266393, Transilv4nia, Vania, 1221925851635363847, 2:39 PM - 27 Jan 2020Ôºå 1580164799000Ôºå Ôºå Ôºå Ôºå Sleepless in seattle 
248936209, 88SEATTLE61, DAWG, 1221925771909795840, 2:39 PM - 27 Jan 2020Ôºå 1580164780000Ôºå Ôºå Ôºå Ôºå pic.twitter.com/DHyYgbhj4X 
1046786171307737088, SeattleSloth_, Thanks, Dr. Sloth ‚Ñ¢Ô∏è, 1221925742491197442, 2:39 PM - 27 Jan 2020Ôºå 1580164773000Ôºå Ôºå Ôºå 9Ôºå All I want is some fuckin charcuterie right now fuck 
8248752, jseattle, jseattle, 1221925707887955968, 2:39 PM - 27 Jan 2020Ôºå 1580164765000Ôºå 1Ôºå Ôºå Ôºå Will have to check into. Emptied out I presume? 
1171061405598015489, dez65633614, dez, 1221925664141578240, 2:39 PM - 27 Jan 2020Ôºå 1580164755000Ôºå Ôºå Ôºå Ôºå Seattle in 9 hours 
887052326472740866, stocknewstimes, Stock News Times, 1221925647427231745, 2:39 PM - 27 Jan 2020Ôºå 1580164751000Ôºå Ôºå Ôºå Ôºå Seattle Genetics $SGEN Research Coverage Started at BMO Capital Marketshttp://www.thestockobserver.com/?p=2581978 
1048663775002296320, WorkEverett, Work Everett, 1221925638812184579, 2:39 PM - 27 Jan 2020Ôºå 1580164749000Ôºå Ôºå Ôºå Ôºå JOB: Seattle WA USA - Executive Government Advisor - Are you a former Government Executive CxO who has su: Are you a former Government Executive CxO who has successfully led an enterprise wide transformation Do you want to b.. JOB EVERETT WASHINGTON http://dld.bz/hWssf 
19923349, rxsheepxr, chrisp, 1221925627944718350, 2:39 PM - 27 Jan 2020Ôºå 1580164746000Ôºå Ôºå Ôºå Ôºå Remember that time they announced that they'd be revealing the Team name for the new Seattle @NHL team during the All-Star Break and then the All-Star Break happened and no one announced anything? 
2396502139, SeaFDIncidents, Seattle FD Incidents, 1221925609967931392, 2:39 PM - 27 Jan 2020Ôºå 1580164742000Ôºå Ôºå Ôºå Ôºå Aid Response - 201 S Jackson St - E10 - 2:36 
2396502139, SeaFDIncidents, Seattle FD Incidents, 1221925609124790272, 2:39 PM - 27 Jan 2020Ôºå 1580164742000Ôºå Ôºå Ôºå Ôºå Aid Response - 14TH AVE NW / NW 54TH ST - E18 - 2:20 
1194155752283344896, 4thdown_Seattle, Seattle Seahawks, 1221925573792059392, 2:38 PM - 27 Jan 2020Ôºå 1580164733000Ôºå Ôºå Ôºå Ôºå What kind of pussy breaks his collar bond on a strip tackle 
3125692118, therealluigi_, SEATTLE NEEDS A #2 CORNER, 1221925545266446337, 2:38 PM - 27 Jan 2020Ôºå 1580164726000Ôºå Ôºå Ôºå Ôºå Sean Payton could make him a good QB, but he only completed a few passes a game. Not enough to give him top tier money, but let‚Äôs say Teddy is the starter and they have the dynamic they had when Drew went down. Do you think he‚Äôd be content with mid tier $$$? 
367731626, fkb317, üá´üá∑ Joshua  üá™üá∫, 1221925508033712131, 2:38 PM - 27 Jan 2020Ôºå 1580164718000Ôºå Ôºå Ôºå Ôºå Euh tu en fais pas un peu trop? Toulouse assemble. Seattle fabrique Descend d'un √©tage ! 
248936209, 88SEATTLE61, DAWG, 1221925456930193408, 2:38 PM - 27 Jan 2020Ôºå 1580164705000Ôºå Ôºå Ôºå Ôºå The Spinners Games People Playhttps://binged.it/2RuCXiW 
2596628911, GoldenSeattle, Dan Golden, 1221925451515359232, 2:38 PM - 27 Jan 2020Ôºå 1580164704000Ôºå Ôºå Ôºå Ôºå Dan Golden Retweeted Larry The Cable Guy 
916797508482875393, DATAM0SH3R, eraserheadüê®, 1221925414429319168, 2:38 PM - 27 Jan 2020Ôºå 1580164695000Ôºå Ôºå Ôºå Ôºå eraserhead¬†üê® Retweeted The Strokes 
997292384948924417, Lilymom1717, LilyüÜòÔ∏è SEATTLE GIG HARBOR TACOMA BLUE ALL THE WAY, 1221925378379280385, 2:38 PM - 27 Jan 2020Ôºå 1580164687000Ôºå Ôºå Ôºå Ôºå #BoltonBombshell #impeachment #TrumpIsGuilty #TrumpsWarOfMassDistraction I AM SO SICK OF FEELING ANGRY AND DISGUSTED!!!Whichever candidate wins, we demand you remove every single complicate Republican! 
37997835, seattle911, Seattle 911, 1221925359815249922, 2:38 PM - 27 Jan 2020Ôºå 1580164682000Ôºå Ôºå Ôºå Ôºå Aid Response @ 201 S Jackson St (E10) 
875071670305775616, CIoveHitch, Gender Extremist {commissions open!}, 1221925349375668224, 2:38 PM - 27 Jan 2020Ôºå 1580164680000Ôºå 1Ôºå Ôºå 4Ôºå Still want to go to Seattle Saturday to express my disapproval of terves 
831488438, jawssh__, Josh, 1221925279129407489, 2:37 PM - 27 Jan 2020Ôºå 1580164663000Ôºå Ôºå 1Ôºå 1Ôºå Seattle‚Äôs done  pic.twitter.com/SXdCKPmO8d 
2232513906, seattle_guitar, Seattle Guitar Shop, 1221925275664912384, 2:37 PM - 27 Jan 2020Ôºå 1580164662000Ôºå Ôºå Ôºå Ôºå @TheRainbowist America‚Äôs Next Top Male Model Wears Size XXXXLAdy del Valle grew up idolizing the fashion industry 
952706748, 0x8BA870, Surviving In Seattle ‚ò∏Ô∏èüá∫üá∏, 1221925273005776897, 2:37 PM - 27 Jan 2020Ôºå 1580164662000Ôºå Ôºå Ôºå Ôºå Surviving In Seattle ¬†‚ò∏Ô∏è¬†üá∫üá∏ Retweeted Norberg For City Council¬†‚≠êÔ∏è¬†‚≠êÔ∏è¬†‚≠êÔ∏è¬†üá∫üá∏ 
1117918753595908096, MoonKILLRadio1, MoonKILLRadio, 1221925254085447681, 2:37 PM - 27 Jan 2020Ôºå 1580164657000Ôºå Ôºå Ôºå Ôºå https://youtu.be/n4VgPC5lEAY¬†Check our page filled with amazing artists like these wonderful ladies http://velvetq.tm¬† from Seattle WA doing ‚ÄúLove Song‚Äù (not the Cure) an original tune with great melody and @robotsamongyou‚Ä¶ https://www.instagram.com/p/B71xITEhWy2/?igshid=1k3hmqlwo9q16¬†‚Ä¶ 
2495514163, ElizavetaSEA, sleeeeepi in seattle, 1221925235689046017, 2:37 PM - 27 Jan 2020Ôºå 1580164653000Ôºå Ôºå Ôºå Ôºå You didn‚Äôt like my penmanship? 
2941207872, VoyagerVR, VoyagerVR, 1221925233856143360, 2:37 PM - 27 Jan 2020Ôºå 1580164652000Ôºå Ôºå Ôºå 1Ôºå Throwback to December: The sign we proudly displayed in front of The Cognitive Christmas Tree for the Seattle O'Christmas Trees fundraiser. pic.twitter.com/ip66Bh48xO 
27051983, Bparker_Seattle, Bryan Parker, 1221925213790593024, 2:37 PM - 27 Jan 2020Ôºå 1580164647000Ôºå 2Ôºå Ôºå Ôºå @jseattle did Standard Goods move? Go out of business? 
1193929747090300934, Jobless_Seattle, Jobless in Seattle, 1221925188633231361, 2:37 PM - 27 Jan 2020Ôºå 1580164641000Ôºå Ôºå Ôºå 1Ôºå Some results may not be worth the price. 
747575167, SeattlePDO1, SeattlePD Ocean1, 1221925178122194944, 2:37 PM - 27 Jan 2020Ôºå 1580164639000Ôºå Ôºå Ôºå Ôºå Beat:O1, SUSPICIOUS PERSON at 17XX BLOCK OF 4 AV S reported on 1/27/2020 2:23 PM, Call# 20000032833 
745824986, SeattlePDK3, SeattlePD King3, 1221925177061019648, 2:37 PM - 27 Jan 2020Ôºå 1580164639000Ôºå Ôºå Ôºå Ôºå Beat:K3, ASSAULTS, OTHER at 4XX BLOCK OF S JACKSON ST reported on 1/27/2020 2:21 PM, Call# 20000032710 
747575167, SeattlePDO1, SeattlePD Ocean1, 1221925176469639168, 2:37 PM - 27 Jan 2020Ôºå 1580164638000Ôºå Ôºå Ôºå Ôºå Beat:O1, SUSPICIOUS VEHICLE at 22XX BLOCK OF 3 AV S reported on 1/27/2020 2:21 PM, Call# 20000032848 
743546852, SeattlePDU1, SeattlePD Union1, 1221925175936946177, 2:37 PM - 27 Jan 2020Ôºå 1580164638000Ôºå Ôºå Ôºå Ôºå Beat:U1, BURGLARY - RESIDENTIAL, UNOCCUPIED at 52XX BLOCK OF 22 AV NE reported on 1/27/2020 2:17 PM, Call# 20000032499 
747575167, SeattlePDO1, SeattlePD Ocean1, 1221925175215550464, 2:37 PM - 27 Jan 2020Ôºå 1580164638000Ôºå Ôºå Ôºå Ôºå Beat:O1, SUSPICIOUS VEHICLE at 22XX BLOCK OF 3 AV S reported on 1/27/2020 2:15 PM, Call# 20000032837 
45529304, jiaqi_wa, Jiaqi W, 1221925168907460609, 2:37 PM - 27 Jan 2020Ôºå 1580164637000Ôºå Ôºå Ôºå Ôºå Flew Cathay Pacific from Seattle to HK three day ago, yet our luggage still hasn‚Äôt turned up. They first told us it‚Äôs in Seattle, then changed to it came with our flight to HK. Low chance to get ~$5000 worth of stuff back. You suck. @cathaypacific 
1076890050829250560, sriesofmemories, cara ü¶û reading haikyuu, 1221925105673965569, 2:37 PM - 27 Jan 2020Ôºå 1580164622000Ôºå Ôºå Ôºå Ôºå the best name for the seattle expansion team is the sockeyes. alliterative and a type of salmon. gives you an aquatic creature to throw on the ice (a sockeye salmon) 
99001433, winkntweet, Winston, 1221925092755636225, 2:36 PM - 27 Jan 2020Ôºå 1580164619000Ôºå Ôºå Ôºå 2Ôºå .@robcesternino & @roundhoward As I sit here about to fire up the last of TEoS it's incredibly bittersweet. You two were my rock over the last year, this audio book got me from Seattle to DC via car, joined me on hikes, greeted me on cold rainy days, and so much more. Thanks. pic.twitter.com/LVvZY9GACH 
22597829, Kalendil, Kal is in Seattle; üîúSYD, 1221925084803125248, 2:36 PM - 27 Jan 2020Ôºå 1580164617000Ôºå Ôºå Ôºå Ôºå Well, then. https://wwwnc.cdc.gov/travel/notices/warning/novel-coronavirus-china¬†‚Ä¶ 
2320262905, Jaylyn_Nicolle, üåßJaylynüåß, 1221925080965337088, 2:36 PM - 27 Jan 2020Ôºå 1580164616000Ôºå 1Ôºå Ôºå 1Ôºå I miss Seattle with my gorls  pic.twitter.com/uRdAT1KN74 
2232513906, seattle_guitar, Seattle Guitar Shop, 1221925041543081984, 2:36 PM - 27 Jan 2020Ôºå 1580164606000Ôºå Ôºå Ôºå Ôºå I did some back searching... there is a top male model with a 500 pound weight problem. Your name and his miles apart?????????? 
895625268886372352, ThatsCharlesK, Charles, 1221925008282353667, 2:36 PM - 27 Jan 2020Ôºå 1580164598000Ôºå Ôºå Ôºå Ôºå Thought I got offered a job for Oracle in ATX but it‚Äôs for Seattle. 
1193929747090300934, Jobless_Seattle, Jobless in Seattle, 1221925008097927169, 2:36 PM - 27 Jan 2020Ôºå 1580164598000Ôºå 1Ôºå Ôºå 1Ôºå Part of me hopes my friend never finds out who they would be if they could let go of something. Because I believe the only way they are going to be able to get there is if they're forced there. And they might not make it out the other side, if they're forced. 
1098689726955941888, DailyDealsAuto1, Daily Deals Auto Sales, 1221924986660614144, 2:36 PM - 27 Jan 2020Ôºå 1580164593000Ôºå Ôºå Ôºå Ôºå #DailydealsautosalesNew arrivals come check us out today @ Daily Deals Auto sales Seattle, WA8110 Aurora ave n Seattle 98103 pic.twitter.com/6eoy0YPkL3 
804477223574982656, HollyL_Seattle, Holly Lancaster Seattleüíã, 1221924958697377799, 2:36 PM - 27 Jan 2020Ôºå 1580164587000Ôºå Ôºå Ôºå Ôºå I  anything Art Nouveau! Soooo elegant!pic.twitter.com/phni4WG31H 
1881104773, evilregalsassy, C.Snyder, 1221924947510976512, 2:36 PM - 27 Jan 2020Ôºå 1580164584000Ôºå Ôºå Ôºå Ôºå Seattle! 
915981285675245568, MyraMoore04, Myra Moore, 1221924920432590848, 2:36 PM - 27 Jan 2020Ôºå 1580164577000Ôºå 1Ôºå Ôºå 2Ôºå Seattle Dragons! 
953612408790102016, 10Szn18, Susan, 1221924916670451712, 2:36 PM - 27 Jan 2020Ôºå 1580164577000Ôºå Ôºå Ôºå 1Ôºå Susan Retweeted Luke OBX 
32454945, ericdgriffey, WASERIC, 1221924914849968128, 2:36 PM - 27 Jan 2020Ôºå 1580164576000Ôºå 1Ôºå Ôºå Ôºå Love you big dog. Mandatory. Gotta grab dinner one of these nights I‚Äôm driving in Seattle 
16843404, GloriaSeattleWA, GloriaSEA ¬≥¬≥¬∫¬πüåéüåçüåèüåø, 1221924882843234305, 2:36 PM - 27 Jan 2020Ôºå 1580164568000Ôºå Ôºå Ôºå Ôºå It's increasingly likely it will rain in January in Seattle too (way to not answer a question, Mitty!) 
2743348262, ChaoticCassidy, I trust Wonho üêá Ïπ¥ÏÑ∏Îîî üê∞ MX ULTVIP SEA - VAN - SJ, 1221924856272343040, 2:36 PM - 27 Jan 2020Ôºå 1580164562000Ôºå Ôºå Ôºå Ôºå A sneak peek of me jopping all the way to seeing SuperM in Seattle. pic.twitter.com/Z3NdZfWEJd 
28877898, em_aytch, the roughest toughest frail, 1221924845547483136, 2:36 PM - 27 Jan 2020Ôºå 1580164560000Ôºå Ôºå Ôºå 2Ôºå seattle! https://twitter.com/ericacbarnett/status/1221923880152887296¬†‚Ä¶pic.twitter.com/QQ4PWDJHRG 
952706748, 0x8BA870, Surviving In Seattle ‚ò∏Ô∏èüá∫üá∏, 1221924742170435584, 2:35 PM - 27 Jan 2020Ôºå 1580164535000Ôºå Ôºå Ôºå 1Ôºå How Microsoft of them. 
871054190130417664, Stillraining12, The Ol' Seattle Freeze ‚ùÑÔ∏è, 1221924725900947456, 2:35 PM - 27 Jan 2020Ôºå 1580164531000Ôºå Ôºå Ôºå Ôºå Ami 
2822406696, seattlebarkery, The Seattle Barkery, 1221924687883710468, 2:35 PM - 27 Jan 2020Ôºå 1580164522000Ôºå Ôºå Ôºå Ôºå Special Day at the Treat Bar Bar tonight, a Treat Tribute in honor of Sir Gawain of Brementown. In celebration of what would've been Gawain's 15th Birthday, his family is treating all dog guests to an order of mini‚Ä¶ https://www.instagram.com/p/B71w30Kg0gp/?igshid=1dkzuiykoad8t¬†‚Ä¶ 
635167057, gramsofgnats, nathalie graham, 1221924680572923904, 2:35 PM - 27 Jan 2020Ôºå 1580164520000Ôºå 2Ôºå 1Ôºå 5Ôºå i'm DYING over the two white guys on the seattle city council right now literally reading the definitions of the word "oppression" and how important it is to define what exactly oppression is 
386864589, BebeHirahara, Bebe Hirahara, 1221924669034356736, 2:35 PM - 27 Jan 2020Ôºå 1580164518000Ôºå Ôºå Ôºå Ôºå Priests emphasize peace and justice after Seattle-area Episcopal churches vandalized on MLK Day - Episcopal News Service https://www.episcopalnewsservice.org/2020/01/27/priests-emphasize-peace-and-justice-after-seattle-area-episcopal-churches-vandalized-on-mlk-day/#.Xi9ljr6JmNI.twitter¬†‚Ä¶ 
38483885, DefinitiveAudio, Definitive, 1221924617348100099, 2:35 PM - 27 Jan 2020Ôºå 1580164505000Ôºå Ôºå Ôºå Ôºå Adding a #subwoofer can change how you experience bass. Come by our #Bellevue or #Seattle showroom to see for yourself. pic.twitter.com/k6E8f8ZspJ 
737344653758988288, SOAR12steps, Recovery, 1221924595160227840, 2:35 PM - 27 Jan 2020Ôºå 1580164500000Ôºå Ôºå Ôºå Ôºå HEROIN PROOF UR KIDS! https://buff.ly/2OqYJR7¬†  New Program Helps Children Navigate RECOVERY w Mom or Dad! AMANDA SAYS NO TO DRUGS, NO TO BULLIES! c #billings #boise #madison #newmexico #oprah #irish #wolverines #seattle #oregon #eugene #canton #columbus 
1121070503840497664, SeattleBlue21, Seattle Blue 2, 1221924489090351104, 2:34 PM - 27 Jan 2020Ôºå 1580164475000Ôºå Ôºå Ôºå Ôºå Ivanka and Chinese Trademarks. 
1221913668734148609, brionyberkshire, BRIONYBERKSHIRE, 1221924469968711682, 2:34 PM - 27 Jan 2020Ôºå 1580164470000Ôºå Ôºå Ôºå Ôºå Are you in seattle? 
38874050, GMB4LIFE, george miller, 1221924469247217668, 2:34 PM - 27 Jan 2020Ôºå 1580164470000Ôºå Ôºå Ôºå Ôºå BOEING 777 http://www.georgemillerbands.com¬† likes Business @ Seattle Washington, USA https://www.instagram.com/p/B71wuaHBn_O/?igshid=6efvn0m80r6p¬†‚Ä¶ 
546452885, Lizeth__Reyes, Liz‚ú®, 1221924449953419265, 2:34 PM - 27 Jan 2020Ôºå 1580164465000Ôºå Ôºå Ôºå Ôºå Wow Seattle called Omaha ‚Äúcrappy‚Äù  fuck y‚Äôall 
user_id, user_name, screen_name, status_id, created_at, time_integer, reply_num, retweet_num, favorite_num, content 
351225033, David_Angle, David Angle üè≥Ô∏è‚Äçüåà, 1221928686699663361, 2:51 PM - 27 Jan 2020Ôºå 1580165475000Ôºå Ôºå Ôºå Ôºå If in America hmmm that‚Äôs a real neat question. Maybe Seattle? Or somewhere in Cali. But part of me kinda wish to say Vancouver to be in Storybrooke on the day OUAT would be celebrated. But honestly who knows. Maybe even try Eduardo with unseen or rejected outfit designs. 
1566901027, OWLanguage, OrganicWorldLanguage, 1221928668932558848, 2:51 PM - 27 Jan 2020Ôºå 1580165471000Ôºå Ôºå Ôºå Ôºå Washington Teachers: We can't wait to be in Seattle with you next weekend! Join us for OWL Foundations on February 7-8 for two days of dynamic training. Full details and registration here: https://owlanguage.com/events/owl-foundations-seattle-wa/¬†‚Ä¶ 
248936209, 88SEATTLE61, DAWG, 1221928637554819072, 2:51 PM - 27 Jan 2020Ôºå 1580165464000Ôºå Ôºå Ôºå Ôºå pic.twitter.com/jE7Z7UBEqP 
1207748224930308096, Athena3221, Athena322, 1221928629686243330, 2:51 PM - 27 Jan 2020Ôºå 1580165462000Ôºå Ôºå Ôºå Ôºå Yes, you can, because the nurses and Dr. are stating between 90,000 and 100,000+ have been infected and are sick. The dead are being left on the side of the hallway, and people are just falling over as they walk.  Were you aware that the guy in Seattle walked for 5 days? 
2396502139, SeaFDIncidents, Seattle FD Incidents, 1221928628914737152, 2:51 PM - 27 Jan 2020Ôºå 1580165462000Ôºå Ôºå Ôºå Ôºå Aid Response - 820 Yesler Way - E6 - 2:48 
384028359, IamSpikefire, üî•AlexVanAert‚û°Ô∏è#G7 #Joyconboyz, 1221928623554191361, 2:51 PM - 27 Jan 2020Ôºå 1580165460000Ôºå Ôºå Ôºå Ôºå Just like @Irakaz_BC I had to get another transfer flight. However, I tried to catch it after and was probably late by 3 minutes.So I just flew from Portland to Seattle and I am now waiting for my flight to Van @ 5PM AMA I wanna kill some time and I haven't done this b4 
2684171982, JMoSeattle, Jose Moreno, 1221928607792021504, 2:50 PM - 27 Jan 2020Ôºå 1580165457000Ôºå Ôºå Ôºå Ôºå Jose Moreno Retweeted Aaron Rupar 
997292384948924417, Lilymom1717, LilyüÜòÔ∏è SEATTLE GIG HARBOR TACOMA BLUE ALL THE WAY, 1221928568348803072, 2:50 PM - 27 Jan 2020Ôºå 1580165447000Ôºå Ôºå Ôºå Ôºå Poor babiespic.twitter.com/90AhIy5ebE 
1330786850, ivannevenn, IVAN @ #G7, 1221928554956390402, 2:50 PM - 27 Jan 2020Ôºå 1580165444000Ôºå Ôºå Ôºå Ôºå Oakland  Seattle#G7pic.twitter.com/wT4UKNioNH 
148549373, Tom_RedRight88, Tom Moore, 1221928532315648001, 2:50 PM - 27 Jan 2020Ôºå 1580165439000Ôºå Ôºå Ôºå Ôºå Time to embrace the new overlords. All the cool kids in Green Bay, Pittsburgh, Seattle, Philly, and other places are doing it. 
1076639367156752385, california_boyo, California Boy @ Seattle, 1221928527890485248, 2:50 PM - 27 Jan 2020Ôºå 1580165438000Ôºå Ôºå Ôºå Ôºå i would like one (1) attention please 
145537458, tonichelleak, Toni Reitter, 1221928478712320000, 2:50 PM - 27 Jan 2020Ôºå 1580165426000Ôºå Ôºå Ôºå Ôºå yup kinda like the Seattle Seahawks fans are called the 12th man. ;) 
27051983, Bparker_Seattle, Bryan Parker, 1221928466490089473, 2:50 PM - 27 Jan 2020Ôºå 1580165423000Ôºå Ôºå Ôºå Ôºå Oh good. 
852576531180175360, CH_SeattleJobs, Columbia Hospitality Careers, 1221928465638649856, 2:50 PM - 27 Jan 2020Ôºå 1580165423000Ôºå Ôºå Ôºå Ôºå Can you recommend anyone for this job in #Kirkland, WA? http://bit.ly/3aMkAxt¬† #Hospitality 
91740677, torinweatherbee, Torin, 1221928446428733440, 2:50 PM - 27 Jan 2020Ôºå 1580165418000Ôºå Ôºå Ôºå Ôºå Torin Retweeted MONXX 
17205623, bonnevivante, myra üö≤üöéüö∂üèª‚Äç‚ôÄÔ∏è, 1221928432021295105, 2:50 PM - 27 Jan 2020Ôºå 1580165415000Ôºå Ôºå Ôºå Ôºå @ShortsTVUS Hi. Where and when will they play in Seattle? Thanks! 
3108351, WSJ, The Wall Street Journal, 1221928398005723136, 2:50 PM - 27 Jan 2020Ôºå 1580165407000Ôºå Ôºå 1Ôºå 4Ôºå Seattle's latest musical sensation is not what you'd expect. It's the Amazon Symphony Orchestra. The first chair flutist is a technical recruiter; a software engineer is on the viola. https://on.wsj.com/30Yrvir 
88597937, TrainTraveling, TrainTraveling.com, 1221928396059553792, 2:50 PM - 27 Jan 2020Ôºå 1580165406000Ôºå Ôºå Ôºå Ôºå Federal funding to support #Seattle #lightrail extension #TravelbyTrain http://ow.ly/GGFE30qcBiQ¬†pic.twitter.com/tEYxq3c5Gd 
4644875915, iIostmybrain, ùò∏ùò™ùò≠ùò•ùòßùò≠ùò∞ùò∏ùò¶ùò≥ ùò¥ùò∞ùò∂ùò≠ üå∫, 1221928382276960257, 2:50 PM - 27 Jan 2020Ôºå 1580165403000Ôºå Ôºå Ôºå Ôºå i got: nirvanado i like them: SIM am i part of the fandom: simwhen did i discover them: 2015favorite song: v√°rias mas vamos de frances farmer will have her revenge on seattlefavorite album: in uteromet them: n√£o...have i cried because of them: muitocomenta emoji q mando 
14352556, seattletimes, The Seattle Times, 1221928381043937290, 2:50 PM - 27 Jan 2020Ôºå 1580165403000Ôºå Ôºå 1Ôºå 1Ôºå Police say the mother of two missing children has been found in Hawaii, along with her new husband, but the children still have not been located.https://st.news/2tTqFYc 
62734535, takumiohno, Takumi Ohno@Seattleüá∫üá∏üå≤, 1221928216572522496, 2:49 PM - 27 Jan 2020Ôºå 1580165363000Ôºå Ôºå Ôºå Ôºå „Ç¢„Éó„É™„ÇÇ„ÅÇ„Çä„Åæ„Åô„Å≠ÔºÅ„ÅÜ„Å°„ÅØ„Ç™„É≥„É©„Ç§„É≥„ÅÆÁÆóÊï∞„Éó„É≠„Ç∞„É©„É†„Åß„ÅÆÂÆøÈ°å„ÇÇ„ÅÇ„Çä„Åæ„Åó„Åü„ÄÇ 
110523661, KUTheatre, KU Theatre, 1221928197605949440, 2:49 PM - 27 Jan 2020Ôºå 1580165359000Ôºå Ôºå Ôºå Ôºå KU Theatre Retweeted Rick Hellman 
1153796210236350464, EdwinaMartinAr1, Edwina Martin-Arnold, 1221928180090454016, 2:49 PM - 27 Jan 2020Ôºå 1580165355000Ôºå Ôºå Ôºå Ôºå #romancewritersofamerica#bookstagram#romancewriter#romanceauthor#blackromance #seattle #tunesbyro #nwmagic #romanticsuspense #contemporaryromancehttps://www.facebook.com/182753051762576/posts/2700715769966279/?d=n¬†‚Ä¶ 
3327139819, ira_jax, Jax Ira, 1221928172674932736, 2:49 PM - 27 Jan 2020Ôºå 1580165353000Ôºå Ôºå Ôºå Ôºå That's not true tho. He played great on the road in Seattle against one of the best D's of all time. But only threw 3 times before the final drive in 2nd half. Had them driving against ATL before a FB fumble. And I'll give you the SF game. But 2 of those 3 he played well. 
2364811748, KassieAudrey, Kassandraüåª, 1221928161509666816, 2:49 PM - 27 Jan 2020Ôºå 1580165350000Ôºå Ôºå Ôºå Ôºå I can‚Äôt wait for Seattle this weekend!! 
37997835, seattle911, Seattle 911, 1221928132032073729, 2:49 PM - 27 Jan 2020Ôºå 1580165343000Ôºå Ôºå Ôºå Ôºå Aid Response @ 820 Yesler Way (E6) 
179752678, ViniloSabroso, Agustino, 1221928129939329027, 2:49 PM - 27 Jan 2020Ôºå 1580165343000Ôºå Ôºå Ôºå Ôºå Boludo, en Seattle te entrega el faso un drone y ac√° uno tiene que hacer malabares para conseguir un pedazo de paragua meado por los mismos milicos que despu√©s te secuestran la marimba y te encarcelan por posesi√≥n. La concha de su madre! LEGALIZE IT! 
3988428734, SinisterVisuals, Mike üé• films üéû in Seattle, 1221928108200095744, 2:48 PM - 27 Jan 2020Ôºå 1580165337000Ôºå Ôºå Ôºå Ôºå Mike ¬†üé• films ¬†üéû in Seattle Retweeted Spek 
558176786, LarsHano, Lars Hanon, 1221928099505295362, 2:48 PM - 27 Jan 2020Ôºå 1580165335000Ôºå Ôºå Ôºå Ôºå Biden to seek new York's guidance on the next debate and whether it should be held in Seattle as planned and yet we are Keynesians sooner or later as Bach at the GSB. 
389151339, GravityPike, Gravity Pike, 1221928026243338241, 2:48 PM - 27 Jan 2020Ôºå 1580165318000Ôºå Ôºå Ôºå 1Ôºå You can totally get away with it in the northwest, but I guess that's maybe because no one who lives here was born here. (7/10 adults living in Seattle were born outside of Washington state.) 
2834685708, Slyfiv, Tennin Five, 1221928014771933184, 2:48 PM - 27 Jan 2020Ôºå 1580165315000Ôºå 1Ôºå Ôºå 1Ôºå Went to the Seattle Aquarium and made lots of tiny new friends pic.twitter.com/g2RBenyaYs 
216243733, IMLX_in_Seattle, IMLX, 1221928002939834369, 2:48 PM - 27 Jan 2020Ôºå 1580165312000Ôºå Ôºå Ôºå Ôºå Ooh comedy?? You might already have heard about @MsJamieFoster 's Porn Mom podcast where she talks about both her standup and porn work but if not, def check it outhttps://open.spotify.com/show/3CVaCtQW9IFv1O5p51ichg?si=CFY-FwFYQq-0DEhyxB75ag&nd=1¬†‚Ä¶ 
23958713, Corrrine, Corrine Graves üé∂‚ôä, 1221927925743636481, 2:48 PM - 27 Jan 2020Ôºå 1580165294000Ôºå Ôºå Ôºå Ôºå Yeah i know that isn't a huge achievement to some but for me it was huge...And some people there were shocked I did this .. I actually enjoyed it! The area just southwest of Seattle I drove to took me 90 mins ..I finally met a long time online friend of 18 yrs and it was awesome! 
31460348, GottaChangeIt, Organic Seattle, 1221927879522435074, 2:48 PM - 27 Jan 2020Ôºå 1580165283000Ôºå Ôºå Ôºå Ôºå Organic Seattle Retweeted Health Physics P/L 
248936209, 88SEATTLE61, DAWG, 1221927877488168961, 2:48 PM - 27 Jan 2020Ôºå 1580165282000Ôºå Ôºå 1Ôºå Ôºå pic.twitter.com/MkZw5m8w2O 
2396502139, SeaFDIncidents, Seattle FD Incidents, 1221927876200738825, 2:48 PM - 27 Jan 2020Ôºå 1580165282000Ôºå Ôºå Ôºå Ôºå Aid Response - 1600 E Jefferson St - A2 - 2:45 
161383633, SPLBuzz, Seattle Library, 1221927872002215936, 2:48 PM - 27 Jan 2020Ôºå 1580165281000Ôºå Ôºå 3Ôºå 3Ôºå "Visiting the library remains the most common cultural activity Americans engage in, by far. The average 10.5 trips to the library U.S. adults report taking in 2019 exceeds their participation in eight other common leisure activities."https://news.gallup.com/poll/284009/library-visits-outpaced-trips-movies-2019.aspx¬†‚Ä¶ 
3225226330, Positive_Course, Positive Life Course üá∫üá∏ üåä, 1221927815169351683, 2:47 PM - 27 Jan 2020Ôºå 1580165268000Ôºå 1Ôºå Ôºå 1Ôºå My son works in Seattle and can barely afford an apartment on his $200k a year salary. 
24313541, tmj_sea_mgmt, Seattle Mgmt. Jobs, 1221927755958243328, 2:47 PM - 27 Jan 2020Ôºå 1580165253000Ôºå Ôºå Ôºå Ôºå Don't submit then quit. Apply for jobs like "Senior Experience Management Scientist" at Qualtrics, then look for people you might know at the company. You might be able to reach out to HR directly. Ready to apply? Check out the link in our bio. #BusinessMgmt #Seattle, WA 
2751764904, oneirolich, worm, 1221927748660121600, 2:47 PM - 27 Jan 2020Ôºå 1580165252000Ôºå Ôºå Ôºå 2Ôºå the game info is like "descend into seattle's dark heart" that's south lake union 
248936209, 88SEATTLE61, DAWG, 1221927741097857025, 2:47 PM - 27 Jan 2020Ôºå 1580165250000Ôºå Ôºå 1Ôºå Ôºå pic.twitter.com/AGpnqBCWZ3 
416671240, jfhil, John, 1221927716045242368, 2:47 PM - 27 Jan 2020Ôºå 1580165244000Ôºå 1Ôºå Ôºå Ôºå I understand. Your in the Seattle area right ? 
23255685, tmj_sea_acct, TMJ-SEA Acct. Jobs, 1221927703231643649, 2:47 PM - 27 Jan 2020Ôºå 1580165241000Ôºå Ôºå Ôºå Ôºå If jobs with titles like "Jr. Accountant" sound appealing to you, follow us to hear about these types of opportunities in #Seattle, WA. #Accounting 
747744367, SeattlePDO3, SeattlePD Ocean3, 1221927697418317825, 2:47 PM - 27 Jan 2020Ôºå 1580165240000Ôºå Ôºå Ôºå Ôºå Beat:O3, AUTO THEFT at 7XX BLOCK OF S ORCAS ST reported on 1/27/2020 2:33 PM, Call# 20000032322 
747744367, SeattlePDO3, SeattlePD Ocean3, 1221927696235520001, 2:47 PM - 27 Jan 2020Ôºå 1580165239000Ôºå Ôºå Ôºå Ôºå Beat:O3, FORGERY, BAD CHECKS at 70XX BLOCK OF E MARGINAL WY S reported on 1/27/2020 2:32 PM, Call# 20000032757 
747575167, SeattlePDO1, SeattlePD Ocean1, 1221927695371526144, 2:47 PM - 27 Jan 2020Ôºå 1580165239000Ôºå Ôºå Ôºå Ôºå Beat:O1, TRAFFIC (MOVING) VIOLATION at 19XX BLOCK OF 4 AV S reported on 1/27/2020 2:30 PM, Call# 20000032842 
2720259422, Seattle_Diners, Dining Enthusiasts, 1221927695245770753, 2:47 PM - 27 Jan 2020Ôºå 1580165239000Ôºå Ôºå Ôºå Ôºå USDA fails 2ban neonics and 37Million #bees drop dead after #GMO corn fields were treated with #neonicotinoid pesticide:  http://seattleorganicrestaurants.com/vegan-whole-food/neonicotinoids-pesticides-colony-collapse-of-honeybees-suppressing-immune-system.php¬†‚Ä¶ 
747575167, SeattlePDO1, SeattlePD Ocean1, 1221927694507503617, 2:47 PM - 27 Jan 2020Ôºå 1580165239000Ôºå Ôºå Ôºå Ôºå Beat:O1, MISCHIEF, NUISANCE COMPLAINTS at 8XX BLOCK OF S LANDER ST reported on 1/27/2020 2:29 PM, Call# 20000032867 
2720259422, Seattle_Diners, Dining Enthusiasts, 1221927693144526848, 2:47 PM - 27 Jan 2020Ôºå 1580165239000Ôºå Ôºå Ôºå Ôºå Valerian #Tea can help neurological disorder, gastrointestinal issues, #ADHD, seizures n insomnia:  http://seattleorganicrestaurants.com/vegan-whole-food/herbal-teas-health-benefits.php¬†‚Ä¶ 
747769400, SeattlePDS2, SeattlePD Sam2, 1221927693119381505, 2:47 PM - 27 Jan 2020Ôºå 1580165239000Ôºå Ôºå Ôºå Ôºå Beat:S2, MOTOR VEHICLE COLLISION at 79XX BLOCK OF RAINIER AV S reported on 1/27/2020 2:27 PM, Call# 20000032609 
2720259422, Seattle_Diners, Dining Enthusiasts, 1221927689931710464, 2:47 PM - 27 Jan 2020Ôºå 1580165238000Ôºå Ôºå Ôºå Ôºå #GMOs are meant to feed #Monsantos CEO and its shareholders not the hungry people in the world:  http://seattleorganicrestaurants.com/vegan-whole-food/Monsantos-CEO-calls-GMO-activists-elitist.php¬†‚Ä¶ 
4879074545, propandkerosene, Chris Lee, 1221927686156644352, 2:47 PM - 27 Jan 2020Ôºå 1580165237000Ôºå Ôºå Ôºå Ôºå Nothing about the logo screams Seattle, and the lower element of the A can be interpreted as an unhappy face, maybe a folded-over raindrop - neither of which evoke positive feelings... 
1221081578404626433, HeryfordNoah, Noah Heryford, 1221927678799839232, 2:47 PM - 27 Jan 2020Ôºå 1580165235000Ôºå Ôºå Ôºå Ôºå Had an amazing flight the other day from Fresno to Seattle, I loved the airport and I saw a couple of other planes land. The airport has a beautiful terminal and in my opinion one of the cleanest airports I‚Äôve been in thank you so much and keep on growing Fresno pic.twitter.com/Fm696zkZiK 
888049764, eudaimoniass, Softcastle McCormick, 1221927672080556032, 2:47 PM - 27 Jan 2020Ôºå 1580165233000Ôºå Ôºå Ôºå 1Ôºå my favorite thing about the Seattle music scene so far is that a traveling band and a local artist both played songs about murdering J*ff B*zos at the gig last night 
37997835, seattle911, Seattle 911, 1221927621291696129, 2:47 PM - 27 Jan 2020Ôºå 1580165221000Ôºå Ôºå Ôºå Ôºå Aid Response @ 1600 E Jefferson St (L3) 
2751764904, oneirolich, worm, 1221927608033505280, 2:46 PM - 27 Jan 2020Ôºå 1580165218000Ôºå Ôºå Ôºå 3Ôºå OH WOW vtm:b 2 is going to be set in seattle.... get out of my microwave! what are you following me for 
74171770, Billycork234, BillyCorcoran1975, 1221927599510904832, 2:46 PM - 27 Jan 2020Ôºå 1580165216000Ôºå Ôºå Ôºå Ôºå 29 since they got on MTV and hit the airwaves in 1991 after 10 dropped.  Unless you lived in Seattle and were hanging at The Off Ramp then it would be 30. Saw them 9/1996 at Randalls Island my first ever show after the Ticketmaster debacle which now mean nothing. 
210991053, BrandonMacz, Brandon Macz, 1221927598176890881, 2:46 PM - 27 Jan 2020Ôºå 1580165216000Ôºå 1Ôºå Ôºå 1Ôºå Seattle Humane. pic.twitter.com/ysyJGzPgiE 
248936209, 88SEATTLE61, DAWG, 1221927597837152256, 2:46 PM - 27 Jan 2020Ôºå 1580165216000Ôºå Ôºå 1Ôºå Ôºå pic.twitter.com/d8TexkyUNu 
155633376, airmarietta, Marietta Landon, 1221927593491890181, 2:46 PM - 27 Jan 2020Ôºå 1580165215000Ôºå Ôºå Ôºå 1Ôºå My old house is on the right above Mercer Island!  I miss Lake Washington (but not the rain).  #Seattle 
86572499, MarianoPlanells, Mariano Planells, 1221927586969812992, 2:46 PM - 27 Jan 2020Ôºå 1580165213000Ôºå Ôºå Ôºå Ôºå No es este el √∫nico problema sangrante de Seattle https://actualidad.rt.com/actualidad/190364-declaran-estado-emergencia-pobreza-seattle-eeuu¬†‚Ä¶Hay muchos videos: Seattle is dying https://www.youtube.com/watch?v=bpAi70WWBlw¬†‚Ä¶ 
3272115764, tyreyuan, Ty‚Å∑, 1221927586961317888, 2:46 PM - 27 Jan 2020Ôºå 1580165213000Ôºå Ôºå Ôºå Ôºå Can you ask them they‚Äôre coming to Seattle? 
866442796823195649, erikhalvorsen18, Erik Halvorsen, 1221927568372305921, 2:46 PM - 27 Jan 2020Ôºå 1580165209000Ôºå Ôºå Ôºå Ôºå Those are cool! 
131988806, arctechinc, James Locke, 1221927550898716673, 2:46 PM - 27 Jan 2020Ôºå 1580165205000Ôºå Ôºå Ôºå 1Ôºå I've finished the border paperwork and process to import our Model 3 into the USA and made Burlington WA Supercharger. Going to charge here for 20 min or so to skip all the chargers in Seattle and make Centralia, WA next.ETA for Springfield, OR is showing 9pm so looks good. pic.twitter.com/Oe7HzRVZZW 
21228197, nikoli_, üëÅ‚Äçüó® NIKOLI, 1221927518925721600, 2:46 PM - 27 Jan 2020Ôºå 1580165197000Ôºå Ôºå Ôºå Ôºå **seattle process intensifies** 
1004457325321523200, DrewMartissa, Drew üí´, 1221927480618995714, 2:46 PM - 27 Jan 2020Ôºå 1580165188000Ôºå Ôºå Ôºå Ôºå seattle drivers suck 
248936209, 88SEATTLE61, DAWG, 1221927451162365953, 2:46 PM - 27 Jan 2020Ôºå 1580165181000Ôºå Ôºå 1Ôºå 1Ôºå pic.twitter.com/VrW17tDvQh 
107936566, infin8x, Alex Mullans, 1221927419323375616, 2:46 PM - 27 Jan 2020Ôºå 1580165173000Ôºå Ôºå Ôºå Ôºå Old but still relevant. This is such a huge issue in Seattle (and nationwide) https://www.npr.org/sections/ed/2018/04/25/605092520/high-paying-trade-jobs-sit-empty-while-high-school-grads-line-up-for-university¬†‚Ä¶ 
4413422052, EMP_Steelehead, Brendan Spreder, 1221927400289628160, 2:46 PM - 27 Jan 2020Ôºå 1580165169000Ôºå 1Ôºå Ôºå 1Ôºå Probably Seattle. Haha. Also considered Dallas. 
106867317, Abi2012, Abilio Mayor Jimeno, 1221927282249433089, 2:45 PM - 27 Jan 2020Ôºå 1580165141000Ôºå Ôºå Ôºå Ôºå Carta del Jefe Seattle al presidente de USA_ESP by JAM https://youtu.be/goHG_-w_1r4¬† v√≠a @YouTube 
934923662733533184, OrangeVol1321, Orange_Vol1321, 1221927261860958208, 2:45 PM - 27 Jan 2020Ôºå 1580165136000Ôºå Ôºå Ôºå Ôºå Flights are landing every minute from Asia at San Fran, LA, Seattle, Chicago, NY, New Jersey, all over America etc. They need cancelled immediately!! 
376828612, SeattleOSE, Seattle OSE, 1221927221108961281, 2:45 PM - 27 Jan 2020Ôºå 1580165126000Ôºå Ôºå Ôºå Ôºå Seattle OSE Retweeted Seattle OSE 
1039027469519601665, fudanshi15, fudanshi, 1221927219234295809, 2:45 PM - 27 Jan 2020Ôºå 1580165126000Ôºå Ôºå Ôºå Ôºå fudanshi Retweeted ¬†‚ùå¬†üá∫üá∏Steve¬†üá∫üá∏¬†üá∫üá∏America First¬†üá∫üá∏¬†üáÆüáπMAGA¬†üá∫üá∏KAG 
1582077440, SeattleSoaker, M4A is Not Negotiable, 1221927156197969920, 2:45 PM - 27 Jan 2020Ôºå 1580165111000Ôºå Ôºå Ôºå Ôºå Don‚Äôt know. 
2239515894, LosMarineros, Marineros de Seattle, 1221927122203226116, 2:45 PM - 27 Jan 2020Ôºå 1580165102000Ôºå Ôºå Ôºå Ôºå ¬°Gracias a los mejores fan√°ticos!Nuestra gira comunitaria de @MarinersCare fue todo un √©xito junto a ustedes. ¬°Estamos ansiosos para volver a hacerlo el a√±o que viene! #LosMarineros | #TrueToTheBluepic.twitter.com/mDo8lKchnY 
1045411035757273088, XFLDragons, Seattle Dragons, 1221927110937337856, 2:45 PM - 27 Jan 2020Ôºå 1580165100000Ôºå 1Ôºå 1Ôºå 5Ôºå Waiting for the Interurban and getting ready to Bring the Fire. More: http://xfl.com/orangetowel¬†#ForTheLoveOfFootball | #BreathingFire pic.twitter.com/Goa2pgJ4Q5 
1046413942954893313, VrtuelleReality, ‚≠ï Ella üíôü§ñüíô ‚û°Ô∏è#ECCC2020‚û°Ô∏èFlorida Supercon‚¨ÖÔ∏è, 1221927062589583360, 2:44 PM - 27 Jan 2020Ôºå 1580165088000Ôºå 1Ôºå Ôºå Ôºå Ahhhh yeah I was considering going Sunday too but Saturday is sold out so I was going to spend Saturday sightseeing around Seattle and catch a flight back Sunday night but I'm still not sure about it. Friday is when I'm going. 
412834651, LBronsch, Levi Bronsch, 1221927039294328832, 2:44 PM - 27 Jan 2020Ôºå 1580165083000Ôºå 1Ôºå Ôºå Ôºå We going to seattle ? 
168937107, IanFurnessSea, Ian Furness, 1221927004628340737, 2:44 PM - 27 Jan 2020Ôºå 1580165074000Ôºå Ôºå 2Ôºå 3Ôºå Wow. Former Times writer Gary Dougherty, Seattle's unofficial sports historian emailed me AP story from Kobe's first game in Seattle. It was a battle of the top two teams in the Pacific Divsion. The date, 1/26/97 https://basketball-reference.com/boxscores/199701260SEA.html¬†‚Ä¶ 
2273840826, 3Dprint_Seattle, Mike üïπüëÄ‚í∂, 1221926918079090705, 2:44 PM - 27 Jan 2020Ôºå 1580165054000Ôºå Ôºå Ôºå Ôºå best3dprint: | #3dprint | Gaming Chairs That Sit Well With 3D Printing https://ift.tt/37A0iW6¬† http://www.best-3dprint.com¬† pic.twitter.com/Atkkvg6SuX https://tmblr.co/ZaMoZp2nQtC1L 
1326229476, TravvyP, Travis Mandich üá≠üá∑, 1221926907815645189, 2:44 PM - 27 Jan 2020Ôºå 1580165051000Ôºå 1Ôºå Ôºå Ôºå ASAP Rocky really headlining RL Miami so u tellin me I seen this dude in Seattle, Southern California, Brooklyn and now Miami?? and it all started in Chicago Lolla 2015 
1582077440, SeattleSoaker, M4A is Not Negotiable, 1221926901410746368, 2:44 PM - 27 Jan 2020Ôºå 1580165050000Ôºå Ôºå Ôºå Ôºå @MotherJones  Clara Jeffrey 
810143533738782721, brhovde, Hovde, 1221926891818381314, 2:44 PM - 27 Jan 2020Ôºå 1580165047000Ôºå Ôºå Ôºå Ôºå These liberal idiots who are elected by the citizens of Seattle have done zero to reduce crime in the down town corridor for the past 30 years. The Mayor should be Recalled for her inability to manage a city. Making it a sanctuary one and not allowing police to do their jobs. 
552126882, Sports2STEM, John Drazan, 1221926891633790976, 2:44 PM - 27 Jan 2020Ôºå 1580165047000Ôºå Ôºå Ôºå 1Ôºå Thank you!!!! I am really excited for Seattle! 
248936209, 88SEATTLE61, DAWG, 1221926846305984512, 2:43 PM - 27 Jan 2020Ôºå 1580165037000Ôºå Ôºå Ôºå Ôºå Pimp On A Treadmill: The TBS Series - CONAN on TBShttps://binged.it/2tLKdxV 
2409513548, Avaltor05, Coffee Owly ü¶âüè≥Ô∏è‚Äçüåà Open for Art Commissions!, 1221926844724740098, 2:43 PM - 27 Jan 2020Ôºå 1580165036000Ôºå Ôºå Ôºå 1Ôºå Seattle: I am in you. pic.twitter.com/o8YEJ437Mg 
725480409098674182, BoujieC_, dior~, 1221926837271629824, 2:43 PM - 27 Jan 2020Ôºå 1580165034000Ôºå Ôºå Ôºå Ôºå Famthis nigga said where you from blood ‚ÄúI‚Äôm from Seattle‚Äù ‚ÄúNah it‚Äôs Beattle!‚ÄùNIGGA WHAT !!!! 
1027409762, BSCSeattle, Business Service Center, Inc, 1221926825636421634, 2:43 PM - 27 Jan 2020Ôºå 1580165032000Ôºå Ôºå Ôºå Ôºå "Shared Office Space in Seattle" is a great article that shares the pros and cons of America's "love affair" with coworking spaces. A great read for anyone considering new office space, in Seattle and beyond. @BSCSeattle #Shared #sharedoffice #coworking #officespace #Seattle pic.twitter.com/gAkcfernBh 
369921623, SeattleNative57, Skip, 1221926821995761664, 2:43 PM - 27 Jan 2020Ôºå 1580165031000Ôºå Ôºå Ôºå Ôºå Mamba out!pic.twitter.com/n8mmc6SQzT 
23958713, Corrrine, Corrine Graves üé∂‚ôä, 1221926815280746496, 2:43 PM - 27 Jan 2020Ôºå 1580165029000Ôºå 1Ôºå Ôºå Ôºå Exactly ... i was suffering both mentally and physically and then I finally got very angry ... Since then I have realized not to hold things back . A few years ago i rented a car in Seattle I NEVER would have done that a few years before... i had to rent a car to see a friend... 
32309782, ronflatter, Ron Flatter, 1221926795567435777, 2:43 PM - 27 Jan 2020Ôºå 1580165025000Ôºå Ôºå Ôºå Ôºå Seattle‚Äôs KIRO-FM Debuts New Lineup On Wednesday. http://www.insideradio.com/free/seattle-s-kiro-fm-debuts-new-lineup-on-wednesday/article_99fae8d8-414f-11ea-92b8-f7f5535002e8.html?utm_medium=social&utm_source=twitter&utm_campaign=user-share¬†‚Ä¶ via @insideradio 
21677192, tmj_sea_banking, TMJ - SEA Bank Jobs, 1221926786650345474, 2:43 PM - 27 Jan 2020Ôºå 1580165022000Ôºå Ôºå Ôºå Ôºå See our latest #Seattle, WA #branchbanking job opportunity and click the link in our bio to apply: Client Relationship Consultant 1 NMLS (38 Hrs) - Magnolia - Seattle, WA at U.S. Bank 
1055585655366041602, BrendonEckrich, Brendon Eckrich, 1221926671420469248, 2:43 PM - 27 Jan 2020Ôºå 1580164995000Ôºå Ôºå Ôºå Ôºå Who does Seattle take with the pick they got from the bucs? 
1042843542, TopReadings, Top Readings, 1221926646674022403, 2:43 PM - 27 Jan 2020Ôºå 1580164989000Ôºå Ôºå Ôºå Ôºå Books & Stuff: Seattle Bookshop, Chat with the Witcher‚Äôs Creator and More http://bookshopblog.com/2020/01/27/books-stuff-seattle-bookshop-chat-with-the-witchers-creator-and-more/¬†‚Ä¶ 
1132897879490781184, escapeFlightSEA, Escape Flights - SEA/PDX, 1221926620493176834, 2:43 PM - 27 Jan 2020Ôºå 1580164983000Ôºå Ôºå 1Ôºå 2Ôºå Cheap Flights: Seattle to Singapore $560-$592 r/t - Delta / Korean Air / ANAhttps://escape.flights/?p=15012¬†#Airfare #Flights #Travel 
800498016809414656, blakerobert20, Robert J Blake, 1221926606219902976, 2:42 PM - 27 Jan 2020Ôºå 1580164979000Ôºå Ôºå Ôºå 1Ôºå Robert J Blake Retweeted Beryl Jastrow 
248936209, 88SEATTLE61, DAWG, 1221926596149272581, 2:42 PM - 27 Jan 2020Ôºå 1580164977000Ôºå Ôºå Ôºå Ôºå The Hypnotic Looping Pimp On A Treadmillhttps://binged.it/2NYDV4P 
59564975, miroslavristic, Miroslav Ristiƒá, 1221926588129800192, 2:42 PM - 27 Jan 2020Ôºå 1580164975000Ôºå 1Ôºå Ôºå Ôºå A ship that irrigates the ocean with itself.#Seattle pic.twitter.com/ALjkwBSM5o 
1124469830197714945, curmudgeon_x, GenXCurmudgeon, 1221926540398563328, 2:42 PM - 27 Jan 2020Ôºå 1580164964000Ôºå Ôºå Ôºå Ôºå GenXCurmudgeon Retweeted Erica C. Barnett 
18126477, HerseyChris, Chris Lanterman ÁéãÂΩ¶Âçö üáπüáºüá∫üá∏, 1221926539597496320, 2:42 PM - 27 Jan 2020Ôºå 1580164963000Ôºå Ôºå Ôºå Ôºå Seattle's been like this for a while except for checking for prior sexual misconduct:https://www.seattletimes.com/seattle-news/politics/seattle-expected-to-give-final-ok-to-protections-for-rental-applicants-with-criminal-records/¬†‚Ä¶Seattle also recently passed "First come First Serve" Law which means landlords have little say in who is a tenant, in order to "fight bias"https://www.seattletimes.com/seattle-news/politics/a-primer-on-seattles-new-first-come-first-served-renters-law/¬†‚Ä¶ 
1131946627, Seattle911Alert, Seattle 911 Alert, 1221926488770932739, 2:42 PM - 27 Jan 2020Ôºå 1580164951000Ôºå Ôºå Ôºå Ôºå Reported SCENES OF VIOLENCE AID at 14TH AVE NW AT NW 54TH ST 
1506019296, Talen_velarde33, Tabby Talen ‚ò¢Ô∏è, 1221926410916253696, 2:42 PM - 27 Jan 2020Ôºå 1580164933000Ôºå Ôºå 1Ôºå 2Ôºå Tabby Talen ¬†‚ò¢Ô∏è Retweeted MONXX 
2396502139, SeaFDIncidents, Seattle FD Incidents, 1221926368113569792, 2:42 PM - 27 Jan 2020Ôºå 1580164923000Ôºå Ôºå Ôºå Ôºå Auto Fire Alarm - 4629 21st Av Ne - E31 L9 - 2:39 
44149332, hfo_apt_brokers, HFO Investment Real Estate, 1221926361494765569, 2:42 PM - 27 Jan 2020Ôºå 1580164921000Ôºå Ôºå Ôºå Ôºå Seattle Council Votes Feb. 4th on Limiting Evictions in Winter Months http://dlvr.it/RNsYmr 
2495514163, ElizavetaSEA, sleeeeepi in seattle, 1221926338459652097, 2:41 PM - 27 Jan 2020Ôºå 1580164916000Ôºå Ôºå Ôºå Ôºå I‚Äôm gonna fucking puke 
450485437, yunhoqt, annaü•Ç ‚ô° superm seattle d-7, 1221926293786124288, 2:41 PM - 27 Jan 2020Ôºå 1580164905000Ôºå 1Ôºå Ôºå Ôºå it's so cute but i be worried bout blowing my nose with them healing 
29317877, patrickshmatrik, Seattle Marinelayers, 1221926291248574465, 2:41 PM - 27 Jan 2020Ôºå 1580164904000Ôºå Ôºå Ôºå Ôºå I am not. And you're really speaking for all parents huh? 54 percent took issue with it. That's not all parents. If I was a parent I'd have no problem with the content. Why should boys and girls be put in such boxes? Because the conservatives said so? 
4446656720, ScottVMeyers, Scott Meyers üß¢, 1221926290657173505, 2:41 PM - 27 Jan 2020Ôºå 1580164904000Ôºå Ôºå Ôºå Ôºå Eldridge sighting! 
883892798356959232, AMVFilm, AMV Filmmakers Assoc, 1221926290204299264, 2:41 PM - 27 Jan 2020Ôºå 1580164904000Ôºå Ôºå Ôºå 1Ôºå Anime Boston - Friday, April 10, 2020, 6-8 PM EDT (UTC -4) in the Fan Creations Room (Hynes 312)Sakura-Con - Tentatively the night of Friday, April 10, 2020, ?-? PM PDT (UTC -7)Anime Boston occurs in Boston, MA, USA, while Sakura-Con takes place in Seattle, WA, USA. (3/3) 
188185604, tmj_SEA_schn, Seattle S-Chain, 1221926275859636226, 2:41 PM - 27 Jan 2020Ôºå 1580164901000Ôºå Ôºå Ôºå Ôºå See our latest #Everett, WA job and click to apply: FT - RTM Clerk - Day - http://bit.ly/2Gv0mu6¬† #SupplyChain 
1149673604499460096, isitoverseattle, Is the ISS over Seattle?, 1221926209111711744, 2:41 PM - 27 Jan 2020Ôºå 1580164885000Ôºå Ôºå Ôºå Ôºå Get ready! The International Space Station is passing over Seattle January 27, 2020 at 02:44PM, for 366 seconds. 
1197257717271977984, bushsbakeddeans, grumpy in seattle, 1221926190073745408, 2:41 PM - 27 Jan 2020Ôºå 1580164880000Ôºå Ôºå Ôºå Ôºå it will :( 
17529963, WesleySchmidt, Wesley Schmidt, 1221926183501287426, 2:41 PM - 27 Jan 2020Ôºå 1580164879000Ôºå Ôºå Ôºå 1Ôºå 52 years ago today: Grateful Dead live at Eagle's Auditorium in Seattle, Washington - https://archive.org/details/gd68-01-27.sbd.jools.14736.sbeok.shnf¬†‚Ä¶pic.twitter.com/wxmkOQyAei 
16843404, GloriaSeattleWA, GloriaSEA ¬≥¬≥¬∫¬πüåéüåçüåèüåø, 1221926168070258688, 2:41 PM - 27 Jan 2020Ôºå 1580164875000Ôºå Ôºå Ôºå Ôºå Poof! 
1042993542946115584, TexToxic, Toxic Tex, 1221926142141222914, 2:41 PM - 27 Jan 2020Ôºå 1580164869000Ôºå Ôºå Ôºå Ôºå Brad when does Trump go to Seattle? pic.twitter.com/xEXHge9P7L 
1209203925242523648, ukiIledkenzie, in seattle, 1221926130531414017, 2:41 PM - 27 Jan 2020Ôºå 1580164866000Ôºå 1Ôºå Ôºå Ôºå perfect. i hope your whole life sux without me 
2785341678, Kokosz86, Julas, 1221926065070800896, 2:40 PM - 27 Jan 2020Ôºå 1580164850000Ôºå 2Ôºå Ôºå Ôºå Liczy≈Ç siƒô tylko Clyde Drexler!  I Hakim The Dream! I Stockton z Malonem. No i kurwa najlepszy duet Shawn Kemp z Garym Paytonem w Seattle! 
8248752, jseattle, jseattle, 1221926045743403011, 2:40 PM - 27 Jan 2020Ôºå 1580164846000Ôºå 1Ôºå Ôºå Ôºå "Closed for remodel" https://www.facebook.com/standardgoods/photos/pb.451122825079190.-2207520000../1393828437475286/?type=3&theater¬†‚Ä¶pic.twitter.com/J0sdrQNjGM 
281672994, SeattleTam, Tam Livz, 1221926008665726976, 2:40 PM - 27 Jan 2020Ôºå 1580164837000Ôºå Ôºå Ôºå 1Ôºå Like a...Medieval, sharp-ish kind of stick thing? 
1098675914789908480, SeattleEndzone, SEATTLE ENDZONE, 1221926007545876482, 2:40 PM - 27 Jan 2020Ôºå 1580164837000Ôºå Ôºå Ôºå Ôºå  
3322752229, emilychhen, em, 1221926003624247296, 2:40 PM - 27 Jan 2020Ôºå 1580164836000Ôºå Ôºå Ôºå 1Ôºå ok i wait for u in seattle ·É¶„Çù‚ó°‚ïπ)„Éé‚ô° 
112822152, SeaNeighborhood, Seattle Department of Neighborhoods, 1221925997076893697, 2:40 PM - 27 Jan 2020Ôºå 1580164834000Ôºå Ôºå 2Ôºå 1Ôºå Need funding to support preservation efforts? @4Culture  Preservation Special Project grants can fund neighborhood surveys, landmark nominations, building assessments, planning projects, educational workshops, advocacy efforts, and more. DETAILS: https://www.4culture.org/grants/preservation-projects/¬†‚Ä¶pic.twitter.com/lLciNFcmBN 
1197257717271977984, bushsbakeddeans, grumpy in seattle, 1221925987480412160, 2:40 PM - 27 Jan 2020Ôºå 1580164832000Ôºå 1Ôºå Ôºå Ôºå let‚Äôs breakup 
14501065, rosettastone, Rosetta Stone, 1221925983609151488, 2:40 PM - 27 Jan 2020Ôºå 1580164831000Ôºå Ôºå Ôºå Ôºå We've been filming new videos for you that are launching over the next two weeks: stay tuned! This photo was taken behind-the-scenes somewhere in Seattle... does anyone know where? pic.twitter.com/EsjKSgmlu8 
890630951100792832, Sniper64286433, üá∫üá∏SNIPERüá∫üá∏, 1221925951275069440, 2:40 PM - 27 Jan 2020Ôºå 1580164823000Ôºå 1Ôºå 4Ôºå 7Ôºå 100% of Seattle is not watching it right now because the media blacked it out. 
42259132, aurelio02, Aurelio Moreno, 1221925946506215424, 2:40 PM - 27 Jan 2020Ôºå 1580164822000Ôºå Ôºå Ôºå Ôºå El relevista boricua de los #Mets, Edwin D√≠az recurri√≥ a Pedro Mart√≠nez en busca de ayuda, informa #NYPost .D√≠az, con ERA de 5.59 y Robinson Cano fueron una gran decepci√≥n para tras llegar de Seattle. "Le enviaba un video y √©l (Pedro) me daba retroalimentaci√≥n", dijo D√≠az pic.twitter.com/HspxFX2znY 
110046040, Purewater71, Silent Heat, 1221925941842071552, 2:40 PM - 27 Jan 2020Ôºå 1580164821000Ôºå Ôºå Ôºå Ôºå Two mediocre prospects for an All-Star. Look at what Seattle got for Edwin Diaz for a comparison. Aming others a Top 10 prospect in all of baseball 
27051983, Bparker_Seattle, Bryan Parker, 1221925939157667840, 2:40 PM - 27 Jan 2020Ôºå 1580164820000Ôºå Ôºå Ôºå Ôºå Pretty much. 
722250210223767553, SeattleAvenger, Sam, 1221925935806586881, 2:40 PM - 27 Jan 2020Ôºå 1580164820000Ôºå Ôºå Ôºå Ôºå We‚Äôre all in this together, your love shines through and is what it‚Äôs all about 
849417718642159616, TheMarketsDaily, The Markets Daily, 1221925915594313729, 2:40 PM - 27 Jan 2020Ôºå 1580164815000Ôºå Ôºå Ôºå Ôºå Seattle Genetics $SGEN Research Coverage Started at BMO Capital Marketshttp://zpr.io/tyEKy 
1209203925242523648, ukiIledkenzie, in seattle, 1221925902248030211, 2:40 PM - 27 Jan 2020Ôºå 1580164812000Ôºå 1Ôºå Ôºå Ôºå i‚Äôve given up my friendship w ivy does anyone else wanna be my ex? dated for under 2 years. i need u for somg muse 
1220142526621016069, everylot_sea, every lot seattle, 1221925897680363522, 2:40 PM - 27 Jan 2020Ôºå 1580164810000Ôºå Ôºå Ôºå Ôºå 169 24TH AVEpic.twitter.com/yKKW6p6tqm 
312878829, cbreSeattleArea, CBRE | Seattle Area, 1221925875790360576, 2:40 PM - 27 Jan 2020Ôºå 1580164805000Ôºå Ôºå Ôºå Ôºå CBRE #1 real estate company on @FortuneMagazine's Most Admired List for second consecutive year #MostAdmiredCos http://bit.ly/36ktUW1?utm_source=twitter&utm_medium=cbreseattlearea&utm_term=e139a60d-f981-44b6-ac6c-dac83463056a¬†‚Ä¶pic.twitter.com/Qfkjg5cbTW 
1021169407748272128, TheTalentedMrJD, J.D. Williams, 1221925867401596928, 2:40 PM - 27 Jan 2020Ôºå 1580164803000Ôºå Ôºå Ôºå 1Ôºå When I get back to Seattle and the "Sun(?)" decides it hates being here. pic.twitter.com/rMnnNobd2O 
37997835, seattle911, Seattle 911, 1221925860283801600, 2:40 PM - 27 Jan 2020Ôºå 1580164802000Ôºå Ôºå Ôºå Ôºå Auto Fire Alarm @ 4629 21st Av Ne (E31 L9) 
1582077440, SeattleSoaker, M4A is Not Negotiable, 1221925854168530944, 2:40 PM - 27 Jan 2020Ôºå 1580164800000Ôºå 1Ôºå Ôºå 2Ôºå Mother Jones editor in chief, Clara Jeffrey, just got herself suspended from Twitter. 
134266393, Transilv4nia, Vania, 1221925851635363847, 2:39 PM - 27 Jan 2020Ôºå 1580164799000Ôºå Ôºå Ôºå Ôºå Sleepless in seattle 
248936209, 88SEATTLE61, DAWG, 1221925771909795840, 2:39 PM - 27 Jan 2020Ôºå 1580164780000Ôºå Ôºå Ôºå 1Ôºå pic.twitter.com/DHyYgbhj4X 
1046786171307737088, SeattleSloth_, Thanks, Dr. Sloth ‚Ñ¢Ô∏è, 1221925742491197442, 2:39 PM - 27 Jan 2020Ôºå 1580164773000Ôºå Ôºå Ôºå 9Ôºå All I want is some fuckin charcuterie right now fuck 
8248752, jseattle, jseattle, 1221925707887955968, 2:39 PM - 27 Jan 2020Ôºå 1580164765000Ôºå 1Ôºå Ôºå Ôºå Will have to check into. Emptied out I presume? 
1171061405598015489, dez65633614, dez, 1221925664141578240, 2:39 PM - 27 Jan 2020Ôºå 1580164755000Ôºå Ôºå Ôºå Ôºå Seattle in 9 hours 
887052326472740866, stocknewstimes, Stock News Times, 1221925647427231745, 2:39 PM - 27 Jan 2020Ôºå 1580164751000Ôºå Ôºå Ôºå Ôºå Seattle Genetics $SGEN Research Coverage Started at BMO Capital Marketshttp://www.thestockobserver.com/?p=2581978 
1048663775002296320, WorkEverett, Work Everett, 1221925638812184579, 2:39 PM - 27 Jan 2020Ôºå 1580164749000Ôºå Ôºå Ôºå Ôºå JOB: Seattle WA USA - Executive Government Advisor - Are you a former Government Executive CxO who has su: Are you a former Government Executive CxO who has successfully led an enterprise wide transformation Do you want to b.. JOB EVERETT WASHINGTON http://dld.bz/hWssf 
19923349, rxsheepxr, chrisp, 1221925627944718350, 2:39 PM - 27 Jan 2020Ôºå 1580164746000Ôºå Ôºå Ôºå Ôºå Remember that time they announced that they'd be revealing the Team name for the new Seattle @NHL team during the All-Star Break and then the All-Star Break happened and no one announced anything? 
2396502139, SeaFDIncidents, Seattle FD Incidents, 1221925609967931392, 2:39 PM - 27 Jan 2020Ôºå 1580164742000Ôºå Ôºå Ôºå Ôºå Aid Response - 201 S Jackson St - E10 - 2:36 
2396502139, SeaFDIncidents, Seattle FD Incidents, 1221925609124790272, 2:39 PM - 27 Jan 2020Ôºå 1580164742000Ôºå Ôºå Ôºå Ôºå Aid Response - 14TH AVE NW / NW 54TH ST - E18 - 2:20 
1194155752283344896, 4thdown_Seattle, Seattle Seahawks, 1221925573792059392, 2:38 PM - 27 Jan 2020Ôºå 1580164733000Ôºå Ôºå Ôºå Ôºå What kind of pussy breaks his collar bond on a strip tackle 
3125692118, therealluigi_, SEATTLE NEEDS A #2 CORNER, 1221925545266446337, 2:38 PM - 27 Jan 2020Ôºå 1580164726000Ôºå Ôºå Ôºå Ôºå Sean Payton could make him a good QB, but he only completed a few passes a game. Not enough to give him top tier money, but let‚Äôs say Teddy is the starter and they have the dynamic they had when Drew went down. Do you think he‚Äôd be content with mid tier $$$? 
367731626, fkb317, üá´üá∑ Joshua  üá™üá∫, 1221925508033712131, 2:38 PM - 27 Jan 2020Ôºå 1580164718000Ôºå Ôºå Ôºå Ôºå Euh tu en fais pas un peu trop? Toulouse assemble. Seattle fabrique Descend d'un √©tage ! 
248936209, 88SEATTLE61, DAWG, 1221925456930193408, 2:38 PM - 27 Jan 2020Ôºå 1580164705000Ôºå Ôºå Ôºå Ôºå The Spinners Games People Playhttps://binged.it/2RuCXiW 
2596628911, GoldenSeattle, Dan Golden, 1221925451515359232, 2:38 PM - 27 Jan 2020Ôºå 1580164704000Ôºå Ôºå Ôºå Ôºå Dan Golden Retweeted Larry The Cable Guy 
916797508482875393, DATAM0SH3R, eraserheadüê®, 1221925414429319168, 2:38 PM - 27 Jan 2020Ôºå 1580164695000Ôºå Ôºå Ôºå Ôºå eraserhead¬†üê® Retweeted The Strokes 
997292384948924417, Lilymom1717, LilyüÜòÔ∏è SEATTLE GIG HARBOR TACOMA BLUE ALL THE WAY, 1221925378379280385, 2:38 PM - 27 Jan 2020Ôºå 1580164687000Ôºå Ôºå Ôºå Ôºå #BoltonBombshell #impeachment #TrumpIsGuilty #TrumpsWarOfMassDistraction I AM SO SICK OF FEELING ANGRY AND DISGUSTED!!!Whichever candidate wins, we demand you remove every single complicate Republican! 
37997835, seattle911, Seattle 911, 1221925359815249922, 2:38 PM - 27 Jan 2020Ôºå 1580164682000Ôºå Ôºå Ôºå Ôºå Aid Response @ 201 S Jackson St (E10) 
875071670305775616, CIoveHitch, Gender Extremist {commissions open!}, 1221925349375668224, 2:38 PM - 27 Jan 2020Ôºå 1580164680000Ôºå 1Ôºå Ôºå 4Ôºå Still want to go to Seattle Saturday to express my disapproval of terves 
831488438, jawssh__, Josh, 1221925279129407489, 2:37 PM - 27 Jan 2020Ôºå 1580164663000Ôºå Ôºå 1Ôºå 1Ôºå Seattle‚Äôs done  pic.twitter.com/SXdCKPmO8d 
2232513906, seattle_guitar, Seattle Guitar Shop, 1221925275664912384, 2:37 PM - 27 Jan 2020Ôºå 1580164662000Ôºå Ôºå Ôºå Ôºå @TheRainbowist America‚Äôs Next Top Male Model Wears Size XXXXLAdy del Valle grew up idolizing the fashion industry 
952706748, 0x8BA870, Surviving In Seattle ‚ò∏Ô∏èüá∫üá∏, 1221925273005776897, 2:37 PM - 27 Jan 2020Ôºå 1580164662000Ôºå Ôºå Ôºå Ôºå Surviving In Seattle ¬†‚ò∏Ô∏è¬†üá∫üá∏ Retweeted Norberg For City Council¬†‚≠êÔ∏è¬†‚≠êÔ∏è¬†‚≠êÔ∏è¬†üá∫üá∏ 
1117918753595908096, MoonKILLRadio1, MoonKILLRadio, 1221925254085447681, 2:37 PM - 27 Jan 2020Ôºå 1580164657000Ôºå Ôºå Ôºå Ôºå https://youtu.be/n4VgPC5lEAY¬†Check our page filled with amazing artists like these wonderful ladies http://velvetq.tm¬† from Seattle WA doing ‚ÄúLove Song‚Äù (not the Cure) an original tune with great melody and @robotsamongyou‚Ä¶ https://www.instagram.com/p/B71xITEhWy2/?igshid=1k3hmqlwo9q16¬†‚Ä¶ 
2495514163, ElizavetaSEA, sleeeeepi in seattle, 1221925235689046017, 2:37 PM - 27 Jan 2020Ôºå 1580164653000Ôºå Ôºå Ôºå Ôºå You didn‚Äôt like my penmanship? 
2941207872, VoyagerVR, VoyagerVR, 1221925233856143360, 2:37 PM - 27 Jan 2020Ôºå 1580164652000Ôºå Ôºå Ôºå 1Ôºå Throwback to December: The sign we proudly displayed in front of The Cognitive Christmas Tree for the Seattle O'Christmas Trees fundraiser. pic.twitter.com/ip66Bh48xO 
27051983, Bparker_Seattle, Bryan Parker, 1221925213790593024, 2:37 PM - 27 Jan 2020Ôºå 1580164647000Ôºå 2Ôºå Ôºå Ôºå @jseattle did Standard Goods move? Go out of business? 
1193929747090300934, Jobless_Seattle, Jobless in Seattle, 1221925188633231361, 2:37 PM - 27 Jan 2020Ôºå 1580164641000Ôºå Ôºå Ôºå 1Ôºå Some results may not be worth the price. 
747575167, SeattlePDO1, SeattlePD Ocean1, 1221925178122194944, 2:37 PM - 27 Jan 2020Ôºå 1580164639000Ôºå Ôºå Ôºå Ôºå Beat:O1, SUSPICIOUS PERSON at 17XX BLOCK OF 4 AV S reported on 1/27/2020 2:23 PM, Call# 20000032833 
745824986, SeattlePDK3, SeattlePD King3, 1221925177061019648, 2:37 PM - 27 Jan 2020Ôºå 1580164639000Ôºå Ôºå Ôºå Ôºå Beat:K3, ASSAULTS, OTHER at 4XX BLOCK OF S JACKSON ST reported on 1/27/2020 2:21 PM, Call# 20000032710 
747575167, SeattlePDO1, SeattlePD Ocean1, 1221925176469639168, 2:37 PM - 27 Jan 2020Ôºå 1580164638000Ôºå Ôºå Ôºå Ôºå Beat:O1, SUSPICIOUS VEHICLE at 22XX BLOCK OF 3 AV S reported on 1/27/2020 2:21 PM, Call# 20000032848 
743546852, SeattlePDU1, SeattlePD Union1, 1221925175936946177, 2:37 PM - 27 Jan 2020Ôºå 1580164638000Ôºå Ôºå Ôºå Ôºå Beat:U1, BURGLARY - RESIDENTIAL, UNOCCUPIED at 52XX BLOCK OF 22 AV NE reported on 1/27/2020 2:17 PM, Call# 20000032499 
747575167, SeattlePDO1, SeattlePD Ocean1, 1221925175215550464, 2:37 PM - 27 Jan 2020Ôºå 1580164638000Ôºå Ôºå Ôºå Ôºå Beat:O1, SUSPICIOUS VEHICLE at 22XX BLOCK OF 3 AV S reported on 1/27/2020 2:15 PM, Call# 20000032837 
45529304, jiaqi_wa, Jiaqi W, 1221925168907460609, 2:37 PM - 27 Jan 2020Ôºå 1580164637000Ôºå Ôºå Ôºå Ôºå Flew Cathay Pacific from Seattle to HK three day ago, yet our luggage still hasn‚Äôt turned up. They first told us it‚Äôs in Seattle, then changed to it came with our flight to HK. Low chance to get ~$5000 worth of stuff back. You suck. @cathaypacific 
1076890050829250560, sriesofmemories, cara ü¶û reading haikyuu, 1221925105673965569, 2:37 PM - 27 Jan 2020Ôºå 1580164622000Ôºå Ôºå Ôºå Ôºå the best name for the seattle expansion team is the sockeyes. alliterative and a type of salmon. gives you an aquatic creature to throw on the ice (a sockeye salmon) 
99001433, winkntweet, Winston, 1221925092755636225, 2:36 PM - 27 Jan 2020Ôºå 1580164619000Ôºå Ôºå Ôºå 3Ôºå .@robcesternino & @roundhoward As I sit here about to fire up the last of TEoS it's incredibly bittersweet. You two were my rock over the last year, this audio book got me from Seattle to DC via car, joined me on hikes, greeted me on cold rainy days, and so much more. Thanks. pic.twitter.com/LVvZY9GACH 
22597829, Kalendil, Kal is in Seattle; üîúSYD, 1221925084803125248, 2:36 PM - 27 Jan 2020Ôºå 1580164617000Ôºå Ôºå Ôºå Ôºå Well, then. https://wwwnc.cdc.gov/travel/notices/warning/novel-coronavirus-china¬†‚Ä¶ 
2320262905, Jaylyn_Nicolle, üåßJaylynüåß, 1221925080965337088, 2:36 PM - 27 Jan 2020Ôºå 1580164616000Ôºå 1Ôºå Ôºå 1Ôºå I miss Seattle with my gorls  pic.twitter.com/uRdAT1KN74 
2232513906, seattle_guitar, Seattle Guitar Shop, 1221925041543081984, 2:36 PM - 27 Jan 2020Ôºå 1580164606000Ôºå Ôºå Ôºå Ôºå I did some back searching... there is a top male model with a 500 pound weight problem. Your name and his miles apart?????????? 
895625268886372352, ThatsCharlesK, Charles, 1221925008282353667, 2:36 PM - 27 Jan 2020Ôºå 1580164598000Ôºå Ôºå Ôºå Ôºå Thought I got offered a job for Oracle in ATX but it‚Äôs for Seattle. 
1193929747090300934, Jobless_Seattle, Jobless in Seattle, 1221925008097927169, 2:36 PM - 27 Jan 2020Ôºå 1580164598000Ôºå 1Ôºå Ôºå 1Ôºå Part of me hopes my friend never finds out who they would be if they could let go of something. Because I believe the only way they are going to be able to get there is if they're forced there. And they might not make it out the other side, if they're forced. 
user_id, user_name, screen_name, status_id, created_at, time_integer, reply_num, retweet_num, favorite_num, content 
user_id, user_name, screen_name, status_id, created_at, time_integer, reply_num, retweet_num, favorite_num, content 
user_id, user_name, screen_name, status_id, created_at, time_integer, reply_num, retweet_num, favorite_num, content 
user_id, user_name, screen_name, status_id, created_at, time_integer, reply_num, retweet_num, favorite_num, content 
user_id, user_name, screen_name, status_id, created_at, time_integer, reply_num, retweet_num, favorite_num, content 
user_id, user_name, screen_name, status_id, created_at, time_integer, reply_num, retweet_num, favorite_num, content 
user_id, user_name, screen_name, status_id, created_at, time_integer, reply_num, retweet_num, favorite_num, content 
user_id, user_name, screen_name, status_id, created_at, time_integer, reply_num, retweet_num, favorite_num, content 
user_id, user_name, screen_name, status_id, created_at, time_integer, reply_num, retweet_num, favorite_num, content 
